name,min_stock_amount,location_id,product_group_id,sub,Description
Gros sel,1,Chariot épices (VESKEN),"Épices & sauce & aromates & condiments",,
Sel,1,Chariot épices (VESKEN),"Épices & sauce & aromates & condiments",,
Épice guacamole,0,Chariot épices (VESKEN),"Épices & sauce & aromates & condiments",,
Ail en poudre,1,Chariot épices (VESKEN),"Épices & sauce & aromates & condiments",,
Poivre,1,Chariot épices (VESKEN),"Épices & sauce & aromates & condiments",,
Paprika,1,Chariot épices (VESKEN),"Épices & sauce & aromates & condiments",,
Pesto,0,Frigo,"Épices & sauce & aromates & condiments",,
Cumin,1,Chariot épices (VESKEN),"Épices & sauce & aromates & condiments",,
Curry,1,Chariot épices (VESKEN),"Épices & sauce & aromates & condiments",,
Curcuma,1,Chariot épices (VESKEN),"Épices & sauce & aromates & condiments",,
Thym,1,Chariot épices (VESKEN),"Épices & sauce & aromates & condiments",,
Romarin,1,Chariot épices (VESKEN),"Épices & sauce & aromates & condiments",,
Herbes de Provence,1,Chariot épices (VESKEN),"Épices & sauce & aromates & condiments",,
Bouquet garni,0,Chariot épices (VESKEN),"Épices & sauce & aromates & condiments",,
Basilic (frais),0,Frigo,"Épices & sauce & aromates & condiments",,
Basilic (surgelé),1,Congelateur,"Épices & sauce & aromates & condiments",,
Coriandre (frais),1,Congelateur,"Épices & sauce & aromates & condiments",,
Coriandre (surgelé),0,Chariot épices (VESKEN),"Épices & sauce & aromates & condiments",,
Persil (frais),0,Congelateur,"Épices & sauce & aromates & condiments",,
Persil (surgelé),1,Congelateur,"Épices & sauce & aromates & condiments",,
Chili,1,Chariot épices (VESKEN),"Épices & sauce & aromates & condiments",,
Ciboulette (frais),0,Frigo,"Épices & sauce & aromates & condiments",,
Ciboulette (surgelé),0,Placard,"Épices & sauce & aromates & condiments",,
Origan,1,Chariot épices (VESKEN),"Épices & sauce & aromates & condiments",,
Laurier,1,Chariot épices (VESKEN),"Épices & sauce & aromates & condiments",,
Cannelle,1,Chariot épices (VESKEN),"Épices & sauce & aromates & condiments",,
Aneth,0,Chariot épices (VESKEN),"Épices & sauce & aromates & condiments",,
Muscade,1,Chariot épices (VESKEN),"Épices & sauce & aromates & condiments",,
Sauge,0,Chariot épices (VESKEN),"Épices & sauce & aromates & condiments",,
Estragon,0,Chariot épices (VESKEN),"Épices & sauce & aromates & condiments",,
Piment,0,Chariot épices (VESKEN),"Épices & sauce & aromates & condiments",,
Piment rouge (frais),0,Chariot épices (VESKEN),"Épices & sauce & aromates & condiments",,
Piment vert (moulu),0,Chariot épices (VESKEN),"Épices & sauce & aromates & condiments",,
Piment rouge (frais),0,Chariot épices (VESKEN),"Épices & sauce & aromates & condiments",,
Piment vert (moulu),0,Chariot épices (VESKEN),"Épices & sauce & aromates & condiments",,
Piment de Cayenne (frais),0,Chariot épices (VESKEN),"Épices & sauce & aromates & condiments",,
Piment de Cayenne (moulu),0,Chariot épices (VESKEN),"Épices & sauce & aromates & condiments",,
Mélange mexican,2,Chariot épices (VESKEN),"Épices & sauce & aromates & condiments",,
Mélange espagnol,2,Chariot épices (VESKEN),"Épices & sauce & aromates & condiments",,
Gingembre (frais),1,Chariot épices (VESKEN),"Épices & sauce & aromates & condiments",,
Gingembre (moulu),1,Chariot épices (VESKEN),"Épices & sauce & aromates & condiments",,
Huiles pimentée,1,Placard,"Épices & sauce & aromates & condiments",,
Huiles pour friture,0,Placard,"Épices & sauce & aromates & condiments",,
Huiles de cuisson,1,Placard,"Épices & sauce & aromates & condiments",,
Huiles aromatiques,1,Placard,"Épices & sauce & aromates & condiments",,
Huile Isio 4,0,Placard,"Épices & sauce & aromates & condiments",Huiles de cuisson,
Huile d'arachide,0,Placard,"Épices & sauce & aromates & condiments",,
Huile d'avocat,0,Placard,"Épices & sauce & aromates & condiments",Huiles de cuisson,
Huile d'olive,1,Placard,"Épices & sauce & aromates & condiments",Huiles de cuisson,
Huile de coco,0,Placard,"Épices & sauce & aromates & condiments",,
Huile de colza,0,Placard,"Épices & sauce & aromates & condiments",Huiles de cuisson,
Huile de lin,0,Placard,"Épices & sauce & aromates & condiments",Huiles aromatiques,
Huile de noisette,0,Placard,"Épices & sauce & aromates & condiments",Huiles aromatiques,
Huile de noix,0,Placard,"Épices & sauce & aromates & condiments",Huiles aromatiques,
Huile de pépins de raisin,0,Placard,"Épices & sauce & aromates & condiments",Huiles de cuisson,
Huile de sésame,0,Placard,"Épices & sauce & aromates & condiments",Huiles aromatiques,
Huile de tournesol,1,Placard,"Épices & sauce & aromates & condiments",Huiles de cuisson,
Vinaigre,1,Placard,"Épices & sauce & aromates & condiments",,
Vinaigre balsamique,1,Placard,"Épices & sauce & aromates & condiments",,
Crème balsamique,0,Placard,"Épices & sauce & aromates & condiments",,
Vinaigre blanc (alimentaire),0,Placard,"Épices & sauce & aromates & condiments",Vinaigre,
Vinaigre de Xérès,0,Placard,"Épices & sauce & aromates & condiments",Vinaigre,
Vinaigre de cidre,0,Placard,"Épices & sauce & aromates & condiments",Vinaigre,
Vinaigre de riz,0,Placard,"Épices & sauce & aromates & condiments",Vinaigre,
Vinaigre de vin aux noix,0,Placard,"Épices & sauce & aromates & condiments",Vinaigre,
Vinaigre de vin blanc,0,Placard,"Épices & sauce & aromates & condiments",Vinaigre,
Vinaigre de vin rouge,0,Placard,"Épices & sauce & aromates & condiments",Vinaigre,
Vinaigrette,0,Placard,"Épices & sauce & aromates & condiments",,
Tabasco,1,Bibliotheque,"Épices & sauce & aromates & condiments",,
Sauce tomate cuisinée (bocal),2000,Bibliotheque,"Épices & sauce & aromates & condiments",,
Sauce tomate cuisinée (tube),1,Frigo,"Épices & sauce & aromates & condiments",,
Tomate (concentré),1,Bibliotheque,"Épices & sauce & aromates & condiments",,
Purée de tomate,2,Bibliotheque,"Épices & sauce & aromates & condiments",,
Sauce moutarde,1,Frigo,"Épices & sauce & aromates & condiments",,
Sauce mayonnaise,1,Frigo,"Épices & sauce & aromates & condiments",,
Sauce ketchup,1,Frigo,"Épices & sauce & aromates & condiments",,
Sauce samouraï,0,Frigo,"Épices & sauce & aromates & condiments",,
Sauce barbecue,1,Frigo,"Épices & sauce & aromates & condiments",,
Sauce andalouse,0,Frigo,"Épices & sauce & aromates & condiments",,
Sauce algérienne,0,Frigo,"Épices & sauce & aromates & condiments",,
Sauce cocktail,1,Frigo,"Épices & sauce & aromates & condiments",,
Sauce caesar,0,Frigo,"Épices & sauce & aromates & condiments",,
Sauce béarnaise,0,Frigo,"Épices & sauce & aromates & condiments",,
Purée d'amande,0,Bibliotheque,"Épices & sauce & aromates & condiments",,
Purée de carotte,0,Bibliotheque,"Épices & sauce & aromates & condiments",,
Sauce burger,0,Frigo,"Épices & sauce & aromates & condiments",,
Sauce blanche,0,Frigo,"Épices & sauce & aromates & condiments",,
Sauce soja salée,1,Bibliotheque,"Épices & sauce & aromates & condiments",,
Sauce soja sucrée,1,Bibliotheque,"Épices & sauce & aromates & condiments",,
Sauce Teriyaki,0,Bibliotheque,"Épices & sauce & aromates & condiments",,
Sauce nem,2,Bibliotheque,"Épices & sauce & aromates & condiments",,
Sauce sriracha,1,Bibliotheque,"Épices & sauce & aromates & condiments",,
Sauce aigre douce,1,Bibliotheque,"Épices & sauce & aromates & condiments",,
Sauce nuoc-mâm,1,Bibliotheque,"Épices & sauce & aromates & condiments",,
Sauce Worcester,0,Bibliotheque,"Épices & sauce & aromates & condiments",,
Sauce à l'échalotes,0,Bibliotheque,"Épices & sauce & aromates & condiments",,
Sauce poivre,0,Bibliotheque,"Épices & sauce & aromates & condiments",,
Sauce fromage,0,Bibliotheque,"Épices & sauce & aromates & condiments",,
Sauce pesto (rouge),0,Bibliotheque,"Épices & sauce & aromates & condiments",,
Sauce pesto (vert),0,Bibliotheque,"Épices & sauce & aromates & condiments",,
Sauce tandoori,0,Bibliotheque,"Épices & sauce & aromates & condiments",,
Sauce tartare,0,Bibliotheque,"Épices & sauce & aromates & condiments",,
Harissa,0,Bibliotheque,"Épices & sauce & aromates & condiments",,
Kub or,0,Chariot épices (VESKEN),"Épices & sauce & aromates & condiments",,
Bouillon de boeuf (cube),10,Chariot épices (VESKEN),"Épices & sauce & aromates & condiments",,
Bouillon de boeuf (liquide),0,Chariot épices (VESKEN),"Épices & sauce & aromates & condiments",,
Bouillon de légumes (cube),10,Chariot épices (VESKEN),"Épices & sauce & aromates & condiments",,
Bouillon de légumes (liquide),0,Chariot épices (VESKEN),"Épices & sauce & aromates & condiments",,
Bouillon de volaille (cube),10,Chariot épices (VESKEN),"Épices & sauce & aromates & condiments",,
Bouillon de volaille (liquide),0,Chariot épices (VESKEN),"Épices & sauce & aromates & condiments",,
Fond de veau,1,Chariot épices (VESKEN),"Épices & sauce & aromates & condiments",,
Fond de volaille,0,Chariot épices (VESKEN),"Épices & sauce & aromates & condiments",,
Miel,1,Bibliotheque,"Épices & sauce & aromates & condiments",,
Pâte à tartiner (chocolat & noisette),1,Bibliotheque,"Épices & sauce & aromates & condiments",,
Beurre de cacahuète,1,Bibliotheque,"Épices & sauce & aromates & condiments",,
Poudre d'amande,1,Bibliotheque,"Épices & sauce & aromates & condiments",,
Poudre de noisette,0,Bibliotheque,"Épices & sauce & aromates & condiments",,
Créatine,1000,Bibliotheque,"Épices & sauce & aromates & condiments",,
Cacao en poudre (non sucré),1,Bibliotheque,"Épices & sauce & aromates & condiments",,
Cacao en poudre (sucré),0,Bibliotheque,"Épices & sauce & aromates & condiments",,
Citronnelle,0,Frigo,"Épices & sauce & aromates & condiments",,
Clou de girofle,0,Chariot épices (VESKEN),"Épices & sauce & aromates & condiments",,
Confiture,0,Frigo,"Épices & sauce & aromates & condiments",,
Confiture d'abricots,0,Frigo,"Épices & sauce & aromates & condiments",Confiture,
Confiture de cerise,0,Frigo,"Épices & sauce & aromates & condiments",Confiture,
Confiture de figues,0,Frigo,"Épices & sauce & aromates & condiments",Confiture,
Confiture de fraises,0,Frigo,"Épices & sauce & aromates & condiments",Confiture,
Confiture de framboises,0,Frigo,"Épices & sauce & aromates & condiments",Confiture,
Confiture de fruits rouges,0,Frigo,"Épices & sauce & aromates & condiments",Confiture,
Confiture de groseilles,0,Frigo,"Épices & sauce & aromates & condiments",Confiture,
Confiture de lait,0,Frigo,"Épices & sauce & aromates & condiments",Confiture,
Confiture de myrtilles,0,Frigo,"Épices & sauce & aromates & condiments",Confiture,
Confiture de mûres,0,Frigo,"Épices & sauce & aromates & condiments",Confiture,
Coulis de framboise,0,Frigo,"Épices & sauce & aromates & condiments",,
Coulis de fruits rouges,0,Frigo,"Épices & sauce & aromates & condiments",,
Guacamole,0,Frigo,"Épices & sauce & aromates & condiments",,
Menthe,0,Frigo,"Épices & sauce & aromates & condiments",,
Pâte de curry (rouge),0,Frigo,"Épices & sauce & aromates & condiments",,
Pâte de curry (jaune),0,Frigo,"Épices & sauce & aromates & condiments",,
Pâte de curry (vert),0,Frigo,"Épices & sauce & aromates & condiments",,
Ras el hanout,1,Chariot épices (VESKEN),"Épices & sauce & aromates & condiments",,
Viandox,0,Chariot épices (VESKEN),"Épices & sauce & aromates & condiments",,

Biscuits apéritif,0,Placard salon,Snacks et apéritifs,,
Chips,0,Placard salon,Snacks et apéritifs,Biscuits apéritif,
Bretzel,1,Placard salon,Snacks et apéritifs,Biscuits apéritif,
Croustilles,1,Placard salon,Snacks et apéritifs,Biscuits apéritif,
Cacahuètes,1,Placard salon,Snacks et apéritifs,Biscuits apéritif,
Olives noires,0,Frigo,Snacks et apéritifs,,
Olives vertes,0,Frigo,Snacks et apéritifs,,
Câpres,0,Frigo,Snacks et apéritifs,,
Cornichons,1,Frigo,Snacks et apéritifs,,
Blinis,0,Placard salon,Snacks et apéritifs,,
Houmous,1,Frigo,Snacks et apéritifs,,
Tapenade (noire),0,Frigo,Snacks et apéritifs,,
Tapenade (verte),0,Frigo,Snacks et apéritifs,,
Tarama,0,Frigo,Snacks et apéritifs,,
Tzatziki,0,Frigo,Snacks et apéritifs,,
Tartinade,0,Frigo,Snacks et apéritifs,,
Tartinade (surimi),0,Frigo,Snacks et apéritifs,Tartinade,
Tartinade (thon),0,Frigo,Snacks et apéritifs,Tartinade,
Tartinade (poulet),0,Frigo,Snacks et apéritifs,Tartinade,
Croûtons,0,Bibliotheque,Snacks et apéritifs,,
Saucisson sec,1,Placard,Snacks et apéritifs,,
Saucisson à l'ail,0,Frigo,Snacks et apéritifs,,
Coppa,0,Frigo,Snacks et apéritifs,Saucisson sec,
Rosette,0,Frigo,Snacks et apéritifs,,
Salami,0,Frigo,Snacks et apéritifs,,
Salami (tranché),0,Frigo,Snacks et apéritifs,,

Aligot,0,Frigo,Plats préparés & produits surgelés,,
Pizza surgelée,0,Congelateur,Plats préparés & produits surgelés,,
Fruits surgelés,0,Congelateur,Plats préparés & produits surgelés,,
Plats cuisinés surgelés,1,Congelateur,Plats préparés & produits surgelés,,
Nems,6,Congelateur,Plats préparés & produits surgelés,,
Amuse-gueule,6,Congelateur,Plats préparés & produits surgelés,,
Poêlée de légumes,1,Congelateur,Plats préparés & produits surgelés,,
Poêlée (méditerranéenne),0,Congelateur,Plats préparés & produits surgelés,Poêlée de légumes,
Poêlée (forestière),0,Congelateur,Plats préparés & produits surgelés,Poêlée de légumes,
Poêlée (parisienne),0,Congelateur,Plats préparés & produits surgelés,Poêlée de légumes,
Mélange de légumes pour wok,1,Congelateur,Plats préparés & produits surgelés,,
Cordon bleu,4,Congelateur,Plats préparés & produits surgelés,,
Glaces,0,Congelateur,Plats préparés & produits surgelés,,
Poissons panés,0,Congelateur,Plats préparés & produits surgelés,,
Poulet panés,0,Congelateur,Plats préparés & produits surgelés,,
Frites,0,Congelateur,Plats préparés & produits surgelés,,
Béchamel,0,Frigo,Plats préparés & produits surgelés,,
Falafel,0,Frigo,Plats préparés & produits surgelés,,
Foie gras,0,Frigo,Plats préparés & produits surgelés,,
Gyoza,0,Frigo,Plats préparés & produits surgelés,,
Hachis parmentier,0,Frigo,Plats préparés & produits surgelés,,
Kit fajitas,0,Bibliotheque,Plats préparés & produits surgelés,,
Lasagnes,1,Congelateur,Plats préparés & produits surgelés,,
Paniers feuilletés,0,Congelateur,Plats préparés & produits surgelés,,
Nuggets,0,Frigo,Plats préparés & produits surgelés,,

Steak haché,10,Congelateur,Produits protéinés,,
Ribs,0,Frigo,Produits protéinés,,
Viande de boeuf,0,Frigo,Produits protéinés,,
Viande de porc,0,Frigo,Produits protéinés,,
Viande pour kebab,0,Congelateur,Produits protéinés,,
Pulled pork,0,Congelateur,Produits protéinés,,
Lardons & Allumettes,200,Frigo,Produits protéinés,,
Lard,0,Frigo,Produits protéinés,,
Bacon,10,Frigo,Produits protéinés,,
Dinde (escalope),4,Frigo,Produits protéinés,,
Poulet (entier),0,Frigo,Produits protéinés,,
Poulet (escalope),0,Frigo,Produits protéinés,,
Ailes de poulet,0,Frigo,Produits protéinés,,
Escalope milanaise,0,Frigo,Produits protéinés,,
Oeufs,10,Bibliotheque,Produits protéinés,,
Canard,0,Frigo,Produits protéinés,,
Cervelas,0,Frigo,Produits protéinés,,
Chorizo (entier),1,Frigo,Produits protéinés,,
Chorizo (tranches),0,Frigo,Produits protéinés,,
Pepperoni,0,Frigo,Produits protéinés,,
Jambon blanc,4,Frigo,Produits protéinés,,
Jambon sec cru,0,Frigo,Produits protéinés,,
Jambon de dinde,4,Frigo,Produits protéinés,,
Saucisse (chipolata),0,Frigo,Produits protéinés,,
Saucisse de Strasbourg,0,Frigo,Produits protéinés,,
Saucisse knacki,0,Frigo,Produits protéinés,,
Andouille,0,Frigo,Produits protéinés,,
Merguez,1,Congelateur,Produits protéinés,,
Mortadelle,0,Frigo,Produits protéinés,,
Proteine whey,1000,Placard,Produits protéinés,,
Proteine whey (nature),1000,Placard,Produits protéinés,Proteine whey,
Proteine whey (chocolat),1000,Placard,Produits protéinés,Proteine whey,
Proteine whey (vanille),0,Placard,Produits protéinés,Proteine whey,
Rillette (poulet),0,Frigo,Produits protéinés,,
Rillette (porc),0,Frigo,Produits protéinés,,
Tofu,0,Frigo,Produits protéinés,,

Saumon/Truite (fumé),0,Frigo,Poissons,,
Steack de saumon (fumé),0,Frigo,Poissons,,
Saumon (frais),4,Congelateur,Poissons,,
Truite (frais),0,Congelateur,Poissons,,
Thon (conserve),4,Placard,Poissons,,
Thon (steak),0,Placard,Poissons,,
Maquereau (conserve),1,Placard,Poissons,,
Sardine,0,Frigo,Poissons,,
Anchois,0,Frigo,Poissons,,
Merlan,0,Frigo,Poissons,,
Merlu,0,Frigo,Poissons,,
Rouget,0,Frigo,Poissons,,
Cabillaud,0,Frigo,Poissons,,
Dorade,0,Frigo,Poissons,,
Colin,0,Frigo,Poissons,,
Hareng,0,Frigo,Poissons,,
Lieu,0,Frigo,Poissons,,
Morue,0,Frigo,Poissons,,
Sole,0,Frigo,Poissons,,
Surimi,0,Frigo,Poissons,,

Crabe,0,Frigo,Fruits de mer,,
Crevette,0,Frigo,Fruits de mer,,
Gambas,0,Frigo,Fruits de mer,,
Huître,0,Frigo,Fruits de mer,,
Langoustines,0,Frigo,Fruits de mer,,
Moules,0,Frigo,Fruits de mer,,
Saint-Jacques,0,Frigo,Fruits de mer,,
Palourde,0,Frigo,Fruits de mer,,

Fromage à pâte dur,1,Frigo,Produits laitiers,,Je veux du fromage à pâte dur peu importe lequel
Comté,0,Frigo,Produits laitiers,Fromage à pâte dur,
Emmental,0,Frigo,Produits laitiers,Fromage à pâte dur,
Gouda,0,Frigo,Produits laitiers,Fromage à pâte dur,
Mimolette,0,Frigo,Produits laitiers,Fromage à pâte dur,
Morbier,0,Frigo,Produits laitiers,Fromage à pâte dur,
Saint-Nectaire,0,Frigo,Produits laitiers,Fromage à pâte dur,
Tomme,0,Frigo,Produits laitiers,Fromage à pâte dur,

Fromage blanc,0,Frigo,Produits laitiers,,
Fromage à tartiner,0,Frigo,Produits laitiers,,
Fromage ail & fines herbes,6,Frigo,Produits laitiers,Fromage à tartiner,
Kiri,0,Frigo,Produits laitiers,Fromage à tartiner,
Mascarpone,0,Frigo,Produits laitiers,,
Fromage à pâte molle,0,Frigo,Produits laitiers,,
Beaufort,0,Frigo,Produits laitiers,Fromage à pâte molle,
Brie,0,Frigo,Produits laitiers,Fromage à pâte molle,
Camembert,0,Frigo,Produits laitiers,Fromage à pâte molle,
Coulommiers,0,Frigo,Produits laitiers,Fromage à pâte molle,
Maroilles,0,Frigo,Produits laitiers,Fromage à pâte molle,
Saint-Félicien,0,Frigo,Produits laitiers,Fromage à pâte molle,
Saint-Marcellin,0,Frigo,Produits laitiers,Fromage à pâte molle,
Munster,0,Frigo,Produits laitiers,Fromage à pâte molle,
Reblochon,0,Frigo,Produits laitiers,Fromage à pâte molle,
Raclette,0,Frigo,Produits laitiers,,
Fromage caillé,0,Frigo,Produits laitiers,,
Feta,0,Frigo,Produits laitiers,Fromage caillé,
Ricotta,0,Frigo,Produits laitiers,Fromage caillé,
Fromage bleu,0,Frigo,Produits laitiers,,
Gorgonzola,0,Frigo,Produits laitiers,Fromage bleu,
Roquefort,0,Frigo,Produits laitiers,Fromage bleu,
Fromage frais,0,Frigo,Produits laitiers,,
Fromage rapé,1,Frigo,Produits laitiers,,
Emmental (râpé),1,Frigo,Produits laitiers,Fromage rapé,
Gruyère (râpé),0,Frigo,Produits laitiers,Fromage rapé,
Cheddar (râpé),0,Frigo,Produits laitiers,,
Parmesan,1,Frigo,Produits laitiers,,
Chèvre (frais),0,Frigo,Produits laitiers,,
Chèvre (buche),0,Frigo,Produits laitiers,,
Mozzarella,0,Frigo,Produits laitiers,,
Burrata,0,Frigo,Produits laitiers,,
Faisselle,0,Frigo,Produits laitiers,,
Margarine,0,Frigo,Produits laitiers,,
Beurre (demi-sel),1,Frigo,Produits laitiers,,
Beurre (doux),1,Frigo,Produits laitiers,,
Crème liquide,0,Frigo,Produits laitiers,,
Crème liquide 12%,0,Frigo,Produits laitiers,Crème liquide,
Crème liquide 15%,0,Frigo,Produits laitiers,Crème liquide,
Crème liquide 30%,0,Frigo,Produits laitiers,Crème liquide,
Crème liquide 4%,0,Frigo,Produits laitiers,Crème liquide,
Crème semi-épaisse,0,Frigo,Produits laitiers,,
Crème fraîche,0,Frigo,Produits laitiers,,
Crème fraîche 15%,0,Frigo,Produits laitiers,Crème fraîche,
Crème fraîche 4%,0,Frigo,Produits laitiers,Crème fraîche,
Crème fleurette,0,Frigo,Produits laitiers,,
Cheddar (tranches),15,Frigo,Produits laitiers,,
Emmental (tranches),0,Frigo,Produits laitiers,,
Lait,1500,Frigo,Produits laitiers,,
Lait (entier),0,Frigo,Produits laitiers,Lait,
Lait (demi-écrémé),1500,Frigo,Produits laitiers,Lait,
Lait (écrémé),0,Frigo,Produits laitiers,Lait,
Lait concentré,0,Frigo,Produits laitiers,,
Lait d'avoine,0,Frigo,Produits laitiers,,
Lait de brebis,0,Frigo,Produits laitiers,,
Lait de chèvre,0,Frigo,Produits laitiers,,
Lait de coco,0,Frigo,Produits laitiers,,
Lait en poudre,0,Frigo,Produits laitiers,,
Lait fermenté,0,Frigo,Produits laitiers,,
Yaourts,8,Frigo,Produits laitiers,,
Yaourt à boire,0,Frigo,Produits laitiers,,
Skyr,8,Frigo,Produits laitiers,,

Compotes,8,Frigo,Dessert,,
Compote de pomme,0,Frigo,Dessert,Compotes,
Compote de pomme & poire,0,Frigo,Dessert,Compotes,
Compote de poire,0,Frigo,Dessert,Compotes,
Compote de pêche,0,Frigo,Dessert,Compotes,
Compote de rhubarbe,0,Frigo,Dessert,Compotes,
Crème anglaise,0,Frigo,Dessert,,

Pain,40,Congelateur,Produits de boulangerie & pâtisserie,,
Pain à l'ail,0,Congelateur,Produits de boulangerie & pâtisserie,,
Pain burger,0,Congelateur,Produits de boulangerie & pâtisserie,,
Pain bagel,0,Congelateur,Produits de boulangerie & pâtisserie,,
Pain ciabatta,0,Congelateur,Produits de boulangerie & pâtisserie,,
Pain naan,0,Congelateur,Produits de boulangerie & pâtisserie,,
Pain panini,0,Congelateur,Produits de boulangerie & pâtisserie,,
Pain pita,0,Congelateur,Produits de boulangerie & pâtisserie,,
Pain de mie,0,Congelateur,Produits de boulangerie & pâtisserie,,
Pancakes,0,Congelateur,Produits de boulangerie & pâtisserie,,
Toast,0,Congelateur,Produits de boulangerie & pâtisserie,,
Baguette,0,Congelateur,Produits de boulangerie & pâtisserie,,
Viennoiseries,0,Congelateur,Produits de boulangerie & pâtisserie,,
Croissant,0,Congelateur,Produits de boulangerie & pâtisserie,Viennoiseries,
Pain au chocolat,0,Congelateur,Produits de boulangerie & pâtisserie,Viennoiseries,
Biscuits,0,Placard,Produits de boulangerie & pâtisserie,,
Speculoos,0,Placard,Produits de boulangerie & pâtisserie,Biscuits,
Gâteaux,1,Placard,Produits de boulangerie & pâtisserie,,
Biscotte,1,Placard,Produits de boulangerie & pâtisserie,,
Brioche,0,Placard,Produits de boulangerie & pâtisserie,,

Farine,1000,Placard,Pâtisserie & sucrerie de base,,
Farine T45,0,Placard,Pâtisserie & sucrerie de base,Farine,
Farine T55,0,Placard,Pâtisserie & sucrerie de base,Farine,
Farine T65,0,Placard,Pâtisserie & sucrerie de base,Farine,
Farine de Sarrasin,500,Placard,Pâtisserie & sucrerie de base,Farine,
Farine de seigle,0,Placard,Pâtisserie & sucrerie de base,Farine,
Farine semi-complète,0,Placard,Pâtisserie & sucrerie de base,Farine,
Fécule de pommes de terre,0,Placard,Pâtisserie & sucrerie de base,,
Sucre vanillé,10,Placard,Pâtisserie & sucrerie de base,,
Arome de vanille,1,Frigo,Pâtisserie & sucrerie de base,,
Sucre roux,1000,Placard,Pâtisserie & sucrerie de base,,
Sucre glace,0,Placard,Pâtisserie & sucrerie de base,,
Sucre (en poudre),1000,Placard,Pâtisserie & sucrerie de base,,
Sucre (en morceaux),1,Placard,Pâtisserie & sucrerie de base,,
Sucre de canne,0,Placard,Pâtisserie & sucrerie de base,,
Pâte brisée,0,Placard,Pâtisserie & sucrerie de base,,
Pâte feuilletée,0,Placard,Pâtisserie & sucrerie de base,,
Pâte sablée,0,Placard,Pâtisserie & sucrerie de base,,
Pâte à pizza,0,Placard,Pâtisserie & sucrerie de base,,
Levure chimique,10,Placard,Pâtisserie & sucrerie de base,,
Levure boulangère,5,Placard,Pâtisserie & sucrerie de base,,
Levure fraîche,0,Placard,Pâtisserie & sucrerie de base,,
Ferments lactiques,0,Placard,Pâtisserie & sucrerie de base,,
Vanille (extrait),0,Placard,Pâtisserie & sucrerie de base,,
Vanille (gousse),0,Placard,Pâtisserie & sucrerie de base,,

Graines de Chia,0,Bibliotheque,Graines & fruits secs & oléagineux,,
Graines de courge,0,Bibliotheque,Graines & fruits secs & oléagineux,,
Graines de grenade,0,Bibliotheque,Graines & fruits secs & oléagineux,,
Graines de lin,0,Bibliotheque,Graines & fruits secs & oléagineux,,
Graines de moutarde,0,Bibliotheque,Graines & fruits secs & oléagineux,,
Graines de pavot,0,Bibliotheque,Graines & fruits secs & oléagineux,,
Graines de soja,0,Bibliotheque,Graines & fruits secs & oléagineux,,
Graines de sésame,0,Bibliotheque,Graines & fruits secs & oléagineux,,
Graines de tournesol,0,Bibliotheque,Graines & fruits secs & oléagineux,,
Noix,1000,Placard salon,Snacks et apéritifs,,
Noix de Grenoble,0,Placard salon,Snacks et apéritifs,Noix,
Cerneaux de noix,500,Placard salon,Snacks et apéritifs,Noix,
Noix de macadamia,0,Placard salon,Snacks et apéritifs,Noix,
Noix de pécan,0,Placard salon,Snacks et apéritifs,Noix,
Noix du Brésil,0,Placard salon,Snacks et apéritifs,Noix,
Noix de cajou,0,Placard salon,Snacks et apéritifs,Noix,
Noix de coco,0,Placard salon,Snacks et apéritifs,,
Noisette,0,Placard salon,Snacks et apéritifs,,
Pistaches,0,Placard salon,Snacks et apéritifs,,
Amandes,0,Placard salon,Snacks et apéritifs,,

Maizena,400,Placard,Féculents & céréales & légumineuses,,
Maizena béchamel,250,Placard,Féculents & céréales & légumineuses,,
Riz,1000,Placard,Féculents & céréales & légumineuses,,
Riz (thai),0,Placard,Féculents & céréales & légumineuses,Riz,
Riz (basmati),0,Placard,Féculents & céréales & légumineuses,Riz,
Riz (complet),0,Placard,Féculents & céréales & légumineuses,,
Riz (arborio),0,Placard,Féculents & céréales & légumineuses,,
Riz (à sushi),0,Placard,Féculents & céréales & légumineuses,,
Riz (cantonais),0,Placard,Féculents & céréales & légumineuses,,
Riz (soufflé),0,Placard,Féculents & céréales & légumineuses,,
Pâtes sèches,2000,Placard,Féculents & céréales & légumineuses,,
Pâtes fraîches,0,Placard,Féculents & céréales & légumineuses,,
Pâtes (spaghetti),1000,Placard,Féculents & céréales & légumineuses,Pâtes sèches,
Pâtes (penne),500,Placard,Féculents & céréales & légumineuses,Pâtes sèches,
Pâtes (coquillettes),0,Placard,Féculents & céréales & légumineuses,Pâtes sèches,
Pâtes (tagliatelle sèches),0,Placard,Féculents & céréales & légumineuses,Pâtes sèches,
Pâtes (tagliatelle fraiches),0,Placard,Féculents & céréales & légumineuses,Pâtes fraîches,
Pâtes (Rigatoni),0,Placard,Féculents & céréales & légumineuses,Pâtes sèches,
Pâtes (Pipe rigate),0,Placard,Féculents & céréales & légumineuses,Pâtes sèches,
Pâtes (macaroni),0,Placard,Féculents & céréales & légumineuses,Pâtes sèches,
Pâtes (Farfalle),0,Placard,Féculents & céréales & légumineuses,Pâtes sèches,
Pâtes (Fusilli),0,Placard,Féculents & céréales & légumineuses,Pâtes sèches,
Pâtes (Orecchiette),0,Placard,Féculents & céréales & légumineuses,Pâtes sèches,
Pâtes (Tortellini),0,Placard,Féculents & céréales & légumineuses,Pâtes sèches,
Pâtes (Pappardelle),0,Placard,Féculents & céréales & légumineuses,Pâtes sèches,
Pâtes (cannelloni),0,Placard,Féculents & céréales & légumineuses,Pâtes sèches,
Pâtes (alphabet),0,Placard,Féculents & céréales & légumineuses,Pâtes sèches,
Pâtes (conchiglioni),0,Placard,Féculents & céréales & légumineuses,Pâtes sèches,
Pâtes (fettuccine),0,Placard,Féculents & céréales & légumineuses,Pâtes sèches,
Pâtes (orzo),0,Placard,Féculents & céréales & légumineuses,Pâtes sèches,
Pâtes (perles),0,Placard,Féculents & céréales & légumineuses,Pâtes sèches,
Ravioli,0,Placard,Féculents & céréales & légumineuses,,
Gnocchi,0,Placard,Féculents & céréales & légumineuses,,
Nouilles chinoises,1000,Placard,Féculents & céréales & légumineuses,,
Nouilles de riz,0,Placard,Féculents & céréales & légumineuses,,
Udon,0,Placard,Féculents & céréales & légumineuses,,
Vermicelle de riz,0,Placard,Féculents & céréales & légumineuses,,
Quinoa,0,Placard,Féculents & céréales & légumineuses,,
Semoule,1000,Placard,Féculents & céréales & légumineuses,,
Flocon d'avoine,1500,Placard,Féculents & céréales & légumineuses,,
Lentilles,0,Placard,Féculents & céréales & légumineuses,,
Lentilles corail,0,Placard,Féculents & céréales & légumineuses,,
Haricots rouges,500,Placard,Féculents & céréales & légumineuses,,
Haricots noirs,0,Placard,Féculents & céréales & légumineuses,,
Haricots blanc,400,Placard,Féculents & céréales & légumineuses,,
Haricots blanc avec sauce,1200,Placard,Féculents & céréales & légumineuses,,
Pois chiches,400,Placard,Féculents & céréales & légumineuses,,
Tortillas,8,Placard,Féculents & céréales & légumineuses,,
Céréales petit-déjeuner,0,Placard,Féculents & céréales & légumineuses,,
Chapelure,400,Placard,Féculents & céréales & légumineuses,,
Polenta,1,Placard,Féculents & céréales & légumineuses,,
Boulgour,0,Placard,Féculents & céréales & légumineuses,,
Feuille de lasages,0,Placard,Féculents & céréales & légumineuses,,
Feuille de riz,0,Placard,Féculents & céréales & légumineuses,,
Taboulé,0,Placard,Féculents & céréales & légumineuses,,

Tomate,0,Frigo,Légumes,,
Tomate (chair),0,Frigo,Légumes,,
Tomate (purée),1,Frigo,Légumes,,
Tomate (pelée),0,Frigo,Légumes,,
Tomate (pulpe),1,Frigo,Légumes,,
Tomate (cerises),0,Frigo,Légumes,,
Tomate (concassées),0,Frigo,Légumes,,
Tomates séchées,1,Frigo,Légumes,,
Carottes,0,Frigo,Légumes,,
Pommes de terre,0,Placard,Légumes,,
Patate douce,0,Placard,Légumes,,
Oignon jaune,150,Congelateur,Légumes,,
Oignon blanc,0,Congelateur,Légumes,,
Oignon rouge,0,Congelateur,Légumes,,
Oignon nouveau,0,Congelateur,Légumes,,
Oignon frits,0,Congelateur,Légumes,,
Ail,150,Congelateur,Légumes,,
Échalote,0,Congelateur,Légumes,,
Poivrons,600,Congelateur,Légumes,,
Poivron jaune,0,Congelateur,Légumes,Poivrons,
Poivron rouge,0,Congelateur,Légumes,Poivrons,
Poivron vert,0,Congelateur,Légumes,Poivrons,
Poivrons grillés,0,Congelateur,Légumes,,
Courge,0,Frigo,Légumes,,
Courgettes,0,Frigo,Légumes,,
Aubergine,0,Frigo,Légumes,,
Concombres,0,Frigo,Légumes,,
Salade,0,Frigo,Légumes,,
Salade (mâche),0,Frigo,Légumes,Salade,
Salade (laitue),0,Frigo,Légumes,Salade,
Salade (roquette),0,Frigo,Légumes,Salade,
Salade (mélange mâche-roquette),0,Frigo,Légumes,Salade,
Épinards,0,Congelateur,Légumes,,
Brocoli,0,Frigo,Légumes,,
Champignons,600,Congelateur,Légumes,,
Champignons bruns,600,Congelateur,Légumes,,
Champignon noir,600,Congelateur,Légumes,,
Radis,0,Frigo,Légumes,,
Céleris,0,Frigo,Légumes,,
Poireaux,0,Congelateur,Légumes,,
Haricots verts,1000,Congelateur,Légumes,,
Maïs,500,Bibliotheque,Légumes,,
Soupe,600,Bibliotheque,Légumes,,
Soupe aux légumes,0,Bibliotheque,Légumes,Soupe,
Soupe poireaux,0,Bibliotheque,Légumes,Soupe,
Soupe de tomate,0,Bibliotheque,Légumes,Soupe,
Soupe au potimarron,0,Bibliotheque,Légumes,Soupe,
Gazpacho,0,Bibliotheque,Légumes,,
Petits pois,1000,Congelateur,Légumes,,
Petits pois carottes,0,Congelateur,Légumes,,
Fèves,0,Congelateur,Légumes,,
Artichauts,0,Frigo,Légumes,,
Asperges blanches,0,Frigo,Légumes,,
Asperges vertes,0,Frigo,Légumes,,
Betteraves,0,Frigo,Légumes,,
Navets,0,Frigo,Légumes,,
Chou blanc,0,Frigo,Légumes,,
Chou chinois,0,Frigo,Légumes,,
Chou de Bruxelles,0,Frigo,Légumes,,
Chou kale,0,Frigo,Légumes,,
Chou rouge,0,Frigo,Légumes,,
Chou-fleur,0,Frigo,Légumes,,
Bok Choy,0,Frigo,Légumes,,
Citrouille,0,Frigo,Légumes,,
Coleslaw,0,Frigo,Légumes,,
Cébette,0,Frigo,Légumes,,
Endives,0,Frigo,Légumes,,
Fenouil,0,Frigo,Légumes,,
Légumes pour couscous,2,Frigo,Légumes,,
Macédoine de légumes,0,Frigo,Légumes,,
Navet,0,Frigo,Légumes,,
Pak choi,0,Frigo,Légumes,,
Panais,0,Frigo,Légumes,,
Papaye,0,Frigo,Légumes,,
Potimarron,0,Frigo,Légumes,,
Potiron,0,Frigo,Légumes,,
Pousses de haricots mungo,0,Frigo,Légumes,,
Ratatouille,2,Frigo,Légumes,,
Rhubarbe,0,Frigo,Légumes,,

Pomme (frais),4,Placard,Fruits,,
Banane (frais),6,Placard,Fruits,,
Banane (surgelés),0,Congelateur,Fruits,,
Orange (frais),0,Placard,Fruits,,
Orange sanguine (frais),0,Placard,Fruits,,
Mandarine (frais),0,Placard,Fruits,,
Clémentine (frais),0,Placard,Fruits,,
Citron jaune (frais),4,Placard,Fruits,,
Citron vert (frais),0,Placard,Fruits,,
Poire (frais),0,Placard,Fruits,,
Poire (surgelés),0,Congelateur,Fruits,,
Kiwi vert (frais),0,Placard,Fruits,,
Kiwi jaune (frais),0,Placard,Fruits,,
Fraise (frais),0,Placard,Fruits,,
Fraise (surgelés),0,Congelateur,Fruits,,
Framboises (frais),0,Placard,Fruits,,
Framboises (surgelés),0,Congelateur,Fruits,,
Fruit de la passion,0,Placard,Fruits,,
Fruits rouges,0,Congelateur,Fruits,,
Raisin blanc (frais),0,Placard,Fruits,,
Raisin noir (frais),0,Placard,Fruits,,
Raisin (secs),0,Placard,Fruits,,
Pêche (frais),0,Placard,Fruits,,
Pêche (surgelés),0,Congelateur,Fruits,,
Abricot (frais),0,Placard,Fruits,,
Abricot (surgelés),0,Congelateur,Fruits,,
Mangue (frais),0,Placard,Fruits,,
Mangue (surgelés),0,Congelateur,Fruits,,
Melon (frais),0,Placard,Fruits,,
Melon jaune (frais),0,Placard,Fruits,,
Melon vert (frais),0,Placard,Fruits,,
Pastèque (frais),0,Placard,Fruits,,
Pastèque (surgelés),0,Congelateur,Fruits,,
Avocat (frais),0,Placard,Fruits,,
Avocat (surgelés),0,Congelateur,Fruits,,
Ananas (frais),0,Placard,Fruits,,
Ananas (surgelés),0,Congelateur,Fruits,,
Myrtilles (frais),0,Placard,Fruits,,
Myrtilles (surgelés),0,Congelateur,Fruits,,
Cerises (frais),0,Placard,Fruits,,
Cerises (surgelés),0,Congelateur,Fruits,,
Salade de fruit (conserve),850,Placard,Fruits,,
Salade de fruit (frais),0,Frigo,Fruits,,
Figue (frais),0,Placard,Fruits,,
Kaki (frais),0,Placard,Fruits,,
Litchi (frais),0,Placard,Fruits,,
Mirabelle (frais),0,Placard,Fruits,,
Mûre (frais),0,Placard,Fruits,,
Nectarine (frais),0,Placard,Fruits,,
Pamplemousse (frais),0,Placard,Fruits,,
Prune (frais),0,Placard,Fruits,,
Pruneau (frais),0,Placard,Fruits,,

Caramel,0,Placard,Confiseries et douceurs,,
Chocolat noir,300,Placard,Confiseries et douceurs,,
Chocolat blanc,0,Placard,Confiseries et douceurs,,
Chocolat lait,0,Placard,Confiseries et douceurs,,
Chocolat fourré,0,Placard,Confiseries et douceurs,,
Pépites de chocolat,0,Placard,Confiseries et douceurs,,
Pépites de chocolat au lait,0,Placard,Confiseries et douceurs,,
Bonbons,0,Placard,Confiseries et douceurs,,
Chantilly,0,Frigo,Confiseries et douceurs,,

Vin mousseux,1,Placard,Boissons alcoolisées,,
Crémant,0,Placard,Boissons alcoolisées,Vin mousseux,
Prosecco,0,Placard,Boissons alcoolisées,Vin mousseux,
Vin rosé,1,Placard,Boissons alcoolisées,,
Vin blanc,1,Placard,Boissons alcoolisées,,
Vin de cuisine,3,Placard,Boissons alcoolisées,,
Vin rouge premium,0,Placard,Boissons alcoolisées,,
Vin rouge cheep,2,Placard,Boissons alcoolisées,,
Bière,6,Placard,Boissons alcoolisées,,
Bière ambrée,0,Placard,Boissons alcoolisées,Bière,
Bière blonde,6,Placard,Boissons alcoolisées,Bière,
Bière brune,6,Placard,Boissons alcoolisées,Bière,
Bière IPA,6,Placard,Boissons alcoolisées,Bière,
Bière rouge,6,Placard,Boissons alcoolisées,,
Cidre,1,Placard,Boissons alcoolisées,,
Pastis,0,Placard,Boissons alcoolisées,,
Spiritueux,2,Placard,Boissons alcoolisées,,
Armagnac,0,Placard,Boissons alcoolisées,Spiritueux,
Whisky,0,Placard,Boissons alcoolisées,Spiritueux,
Rhum (ambré),1,Placard,Boissons alcoolisées,Spiritueux,
Rhum (blanc),1,Placard,Boissons alcoolisées,Spiritueux,
Champagne,0,Placard,Boissons alcoolisées,Spiritueux,
Cognac,0,Placard,Boissons alcoolisées,Spiritueux,
Cointreau,0,Placard,Boissons alcoolisées,Spiritueux,
Get 27,0,Placard,Boissons alcoolisées,Spiritueux,
Gin,1,Placard,Boissons alcoolisées,Spiritueux,
Martini,0,Placard,Boissons alcoolisées,Spiritueux,
Porto,0,Placard,Boissons alcoolisées,Spiritueux,
Sake,0,Placard,Boissons alcoolisées,Spiritueux,
Tequila,0,Placard,Boissons alcoolisées,Spiritueux,
Vodka,1,Placard,Boissons alcoolisées,Spiritueux,

Sodas Vincent,8,Placard,Boissons,,
Sodas Léa,4,Placard,Boissons,,
Coca,8,Placard,Boissons,Sodas Vincent,
Schweppes agrume,0,Placard,Boissons,Sodas Léa,
Fanta citron,0,Placard,Boissons,Sodas Léa,
Orangina rouge,0,Placard,Boissons,Sodas Léa,
Sprite,0,Placard,Boissons,Sodas Léa,
Seven Up,0,Placard,Boissons,Sodas Léa,
Limonade,0,Placard,Boissons,,
Tonic,2000,Placard,Boissons,,
Jus de multi-fruits,2000,Placard,Boissons,,
Jus de citron,50,Placard,Boissons,,
Jus de citron vert,0,Placard,Boissons,,
Jus d'abricot,0,Placard,Boissons,,
Jus d'ananas,0,Placard,Boissons,,
Jus d'orange,0,Placard,Boissons,,
Jus de banane,0,Placard,Boissons,,
Jus de clémentine,0,Placard,Boissons,,
Jus de cranberry,0,Placard,Boissons,,
Jus de goyave,0,Placard,Boissons,,
Jus de grenade,0,Placard,Boissons,,
Jus de mangue,0,Placard,Boissons,,
Jus de pamplemousse,0,Placard,Boissons,,
Jus de pomme,0,Placard,Boissons,,
Jus de pêche,0,Placard,Boissons,,
Jus de tomate,0,Placard,Boissons,,
Eau,2000,Placard,Boissons,,
Glaçons,8,Placard,Boissons,,
Eau gazeuse,250,Placard,Boissons,,
Café grain,1000,Placard,Boissons,,
Café capsule,100,Placard,Boissons,,
Thés,0,Placard,Boissons,,
Infusions,0,Placard,Boissons,,
Boisson végétale,0,Placard,Boissons,,
Boisson amande,0,Placard,Boissons,Boisson végétale,
Boisson noisette,0,Placard,Boissons,Boisson végétale,
Boisson coco,0,Placard,Boissons,Boisson végétale,
Boisson de riz,0,Placard,Boissons,Boisson végétale,
Boisson soja,0,Placard,Boissons,Boisson végétale,

Sirop Léa,1,Placard,Sirop & concentrés,,
Sirop de fraise,0,Placard,Sirop & concentrés,Sirop Léa,
Sirop de grenadine,0,Placard,Sirop & concentrés,Sirop Léa,
Sirop de pêche,0,Placard,Sirop & concentrés,Sirop Léa,
Sirop de ice-tea,0,Placard,Sirop & concentrés,Sirop Léa,
Sirop d'agave,0,Placard,Sirop & concentrés,,
Sirop d'orgeat,0,Placard,Sirop & concentrés,,
Sirop de framboise,0,Placard,Sirop & concentrés,,
Sirop de glucose,0,Placard,Sirop & concentrés,,
Sirop de menthe,0,Placard,Sirop & concentrés,,
Sirop de mûre,0,Placard,Sirop & concentrés,,
Sirop d'érable,0,Placard,Sirop & concentrés,,
Sirop de sucre de canne,0,Placard,Sirop & concentrés,,

Bicarbonate de soude,1,Placard,Entretien & maison,,
Gants en latex,1,Placard,Entretien & maison,,
Papier aluminium,2,Placard,Entretien & maison,,
Papier cuisson,2,Placard,Entretien & maison,,
Film alimentaire,2,Placard,Entretien & maison,,
Vinaigre blanc (entretien),2,Placard,Entretien & maison,,

Croquettes,1,Placard,Croquettes,,