Name,grocy
"Abondance",/
"Abricot (au sirop)",/
"Abricot (frais)",Abricots (frais)
"Abricots (secs)",/
"Abricots (surgelés)",Abricot (surgelés)
"Acai packets (frozen)",/
"Agar-agar",/
"Agneau (épaule)",/
"Ail",Ail
"Ail (semoule)",Ail en poudre
"Ail Bio",Ail
"Ail haché",Ail
"Aile de raie",/
"Ailes de poulet",Ailes de poulet
"Alfredo sauce",/
"Algues nori (feuille)",/
"Aligot",Aligot
"All-purpose seasoning",/
"Allumettes (bacon)", Lardons & Allumettes
"Allumettes (jambon fumé)", Lardons & Allumettes
"Allumettes (jambon)", Lardons & Allumettes
"Allumettes (poulet)", Lardons & Allumettes
"Allumettes végé", Lardons & Allumettes
"Almonds (slivered, blanched)",/
"Amandes (effilées)",Amandes
"Amandes (entières)",Amandes
"Amandes émondées",Amandes
"Amaranth",/
"Amaretto",/
"American cheese (white, sliced)",/
"Ananas (au sirop)",/
"Ananas (entier)",Ananas (frais)
"Anchois",Anchois
"Andouille",Andouille
"Andouille (tranches)",Andouille
"Andouillette",Andouille
"Aneth (frais)",Aneth
"Aneth (séchée)",Aneth
"Anis vert moulu ",/
"Anis étoilé ",/
"Apple pie filling",/
"Apérol",/
"Armagnac",Armagnac
"Artichaut (gros)",Artichauts
"Artichaut (petit)",Artichauts
"Artichauts marinés",Artichauts
"Arôme fleur d'oranger",/
"Arôme maggi",/
"Asperge blanche (conserve)",Asperges blanches
"Asperge blanche (fraîche)",Asperges blanches
"Asperges surgelées",Asperges blanches
"Asperges vertes (conserve)",Asperges vertes
"Asperges vertes (fraîches)",Asperges vertes
"Assaisonnement en poudre",/
"Au jus mix",/
"Aubergine",Aubergine
"Avocado lime dressing",Avocat
"Avocat",Avocat
"Avoine (flocons)",Flocon d'avoine
"Avoine (son)",Flocon d'avoine
"Aïoli",/
"BBQ spice rub",/
"Baby bok choy",/
"Babybel",/
"Bacon",Bacon
"Bacon (cooked)",Bacon
"Bacon (coupe épaisse)",Bacon
"Bacon de volaille",Bacon
"Baie de genièvre",/
"Baies de goji",/
"Baies roses",/
"Baked beans (canned)",/
"Banane",Banane (frais)
"Banane frécinette",Banane (frais)
"Banane plantain",Banane (frais)
"Barres de Kinder Bueno",/
"Basilic (frais)",Basilic (frais)
"Basilic (surgelé)",Basilic (séché)
"Basilic (séché)",Basilic (séché)
"Basmati rice (cooked)",Riz
"Bavette",Viande de bœuf
"Beaufort",Beaufort
"Beef (strip steak)",Viande de bœuf
"Beef brisket",Viande de bœuf
"Beef short ribs",Ribs
"Beignets de calamars (surgelés)"
"Betterave (cuite)",Betteraves
"Betterave crue",Betteraves
"Betterave cuite (dés)",Betteraves
"Beurre",Beurre (demi-sel)
"Beurre (doux)",Beurre (doux)
"Beurre Charentes-Poitou AOP",Beurre (demi-sel)
"Beurre de cacahuète",Beurre de cacahuète
"Beurre demi-sel",Beurre (demi-sel)
"Beurre oméga 3",Beurre (demi-sel)
"Bibb lettuce",Salade (laitue)
"Bicarbonate de soude",Bicarbonate de soude
"Biscotte",Biscotte
"Biscuit cookie sandwich",/
"Biscuit à la cuillère",/
"Biscuits (canned)",/
"Bisque de homard",/
"Bitter",/
"Bière",Bière
"Bière (pack)",Bière
"Bière ambrée",Bière ambrée
"Bière blonde",Bière blonde
"Bière brune ",Bière brune
"Bière sans alcool",Bière
"Bière sans alcool (pack)",Bière
"Black bean burger",/
"Black beans (dried)",/
"Black peppercorns",/
"Black-eyed peas (canned)",/
"Black-eyed peas (dried)",/
"Blanc de dinde (tranches)",Blanc de dinde
"Blanc de poulet (tranches)",Blanc de dinde
"Blettes",/
"Bleu",/
"Blinis (grand)",Blinis
"Blinis (moyen)",Blinis
"Blinis (petits)",Blinis
"Blue cheese (crumbled)",/
"Blue cheese dressing",/
"Blueberries (frozen)",Myrtilles (surgelés)
"Blé (à cuire)",/
"Boeuf (mandrin, en cubes)",Viande de boeuf
"Boisson amande",Boisson amande
"Boisson coco",Boisson coco
"Boisson de riz ",Boisson de riz
"Boisson soja",Boisson soja
"Boisson végétale",Boisson végétale
"Boisson végétale noisette ",Boisson noisette
"Bok Choy",Bok Choy
"Bonbons au chocolat",/
"Bonbons au chocolat mini",/
"Boudin blanc",/
"Boudin noir",/
"Boudoir",/
"Bouillon d'os",/
"Bouillon de bœuf (cube)",Bouillon de boeuf (cube)
"Bouillon de bœuf (liquide)",Bouillon de boeuf (liquide)
"Bouillon de légumes (cube)",Bouillon de légumes (cube)
"Bouillon de légumes (liquide)",Bouillon de légumes (liquide)
"Bouillon de volaille (cube)",Bouillon de volaille (cube)
"Bouillon de volaille (liquide)",Bouillon de volaille (liquide)
"Boulettes de viande (fraîches)",Steak haché
"Boulettes de viande (surgelées)",Steak haché
"Boulettes végétales",/
"Boulgour",Boulgour
"Boulgour (cuit)",Boulgour
"Boulgour et légumes (surgelé)",Boulgour
"Bouquet garni",Bouquet garni
"Bouquet garni (cube)",Bouquet garni
"Bourbon",Whisky
"Boxed mac & cheese",/
"Brandade de morue",/
"Brandy",/
"Bratwurst sausage (raw)",/
"Bread crumbs (seasoned)",/
"Bresaola",/
"Brie",Brie
"Brie (fondant)",Brie
"Brie (wedge)",Brie
"Brillat-Savarin",Fromage molle
"Brioche (non tranchée)",Brioche
"Brioche (tranchée)",Brioche
"Briochette",Brioche
"Broccoli and cauliflower (frozen)",Brocoli
"Broccoli slaw",Brocoli
"Broccolini",Brocoli
"Brochette de bœuf",Viande de bœuf
"Brocoli (frais)",Brocoli
"Brocoli (surgelé)",Brocoli
"Broth (mushroom)",/
"Brousse",/
"Brown gravy mix",/
"Brown rice orzo",/
"Brown rice pasta (long)",/
"Brown rice pasta (short)",/
"Brownie mix"
"Buffalo sauce"
"Burrata",Burrata
"Butternut squash (cubed)",Beurre de cacahuète
"Butterscotch chips",/
"Béchamel",Béchamel
"Bœuf (aiguillette)",Viande de bœuf
"Bœuf (basse côte)",Viande de bœuf
"Bœuf (bavette)",Viande de bœuf
"Bœuf (bourguignon)",Viande de bœuf
"Bœuf (carpaccio)",Viande de bœuf
"Bœuf (entrecôte)",Viande de bœuf
"Bœuf (faux-filet)",Viande de bœuf
"Bœuf (haché surgelé)",Viande de bœuf
"Bœuf (haché)",Viande de bœuf
"Bœuf (onglet)",Viande de bœuf
"Bœuf (paleron)",Viande de bœuf
"Bœuf (pastrami)",Viande de bœuf
"Bœuf (pavé)",Viande de bœuf
"Bœuf (pièce à fondue)",Viande de bœuf
"Bœuf (rumsteck)",Viande de bœuf
"Bœuf (rôti)",Viande de bœuf
"Bœuf (steak haché frais)",Steak haché
"Bœuf (steak haché surgelé)",Steak haché
"Bœuf (steak)",Viande de bœuf
"Bœuf (tournedos)",Viande de bœuf
"Bœuf haché Label Rouge",Steak haché
"Cabillaud (frais)",Cabillaud
"Cabillaud (surgelé)",Cabillaud
"Cabécou",/
"Cacahuète",Cacahuètes
"Cacao (en poudre)",Cacao
"Cacao non sucré (en poudre)",Cacao
"Cachaça",/
"Caesar Salad Kit",/
"Café",Café grain
"Café caramel (dose)",Café grain
"Café en grains",Café grain
"Cajun seasoning",/
"Calamar",/
"Calvados",/
"Camembert",Camembert
"Camembert (fondant)",Camembert
"Camembert pané",Camembert
"Campari",/
"Canard (aiguillettes)",Canard
"Canard (confit)",Canard
"Canard (filet)",Canard
"Canard (magret séché)",Canard
"Canard (magret)",Canard
"Cancoillotte",/
"Candy canes",/
"Canned chili",/
"Canned clams (chopped)",/
"Cannelle (en bâtons)",Cannelle
"Cannelle (en poudre)",Cannelle
"Cantal",/
"Cappelletti (Jambon cru)",/
"Carambar",/
"Caramel (liquide)",Caramel
"Caramel au beurre salé",Caramel
"Cardamome (gousse)",/
"Cardamome (poudre)",/
"Carne asada marinade",/
"Carotte (en rondelles)",Carottes
"Carotte (frais)",Carottes
"Carottes râpées (nature)",Carottes
"Carré frais",/
"Carvi",/
"Cassonade",Sucre roux
"Cauliflower pizza crust (frozen)",/
"Caviar d'aubergine (conserve)",/
"Caviar d'aubergine (frais)",/
"Caviar de tomates séchées",/
"Cerfeuil (frais)",/
"Cerise (au sirop)",/
"Cerises",Cerises (frais)
"Cervelas",Cervelas
"Chabichou",/
"Chai tea bag",/
"Chair à saucisse",/
"Champagne",Champagne
"Champignon noir (séché)",Champignon noir
"Champignon portobello",Champignons
"Champignon émincés (boîte)",Champignons
"Champignons (cremini, tranchés)",Champignons
"Champignons (mélange conserve)",Champignons
"Champignons (mélange surgelé)",Champignons
"Champignons (shiitake)",Champignons
"Champignons (émincés frais)",Champignons
"Champignons (émincés surgelés)",Champignons
"Champignons bruns",Champignons bruns
"Champignons bruns Bio",Champignons bruns
"Champignons de Paris (frais)",Champignons
"Chantilly",Chantilly
"Chaource",/
"Chapelure",Chapelure
"Chapelure Panko",Chapelure
"Chapon (entier)",/
"Char Siu Sauce",/
"Chayote",/
"Cheddar (morceau)",Cheddar (râpé)
"Cheddar (râpé)",Cheddar (râpé)
"Cheddar (tranches)",Cheddar (tranches)
"Cheese curds",/
"Cheeseburger",/
"Cheeseburger (Charal)",/
"Chervil (dried)",/
"Chicken (ground)",/
"Chicken breast (thin sliced)",/
"Chicken dumplings (frozen)",/
"Chicken gravy mix",/
"Chicken soup",/
"Chicken tenders",/
"Chile de arbol",/
"Chili (épices)",Chili
"Chili crisp",/
"Chili garlic sauce",/
"Chili lime seasoning",/
"Chili seasoning mix (packet)",/
"Chipolatas aux herbes",/
"Chipolatas pur porc",/
"Chipotle peppers in adobo sauce",/
"Chipotle seasoning",/
"Chips de légumes",/
"Chips de tortillas",Tortillas
"Chocolat 70%",Chocolat noir
"Chocolat au lait",Chocolat lait
"Chocolat blanc",Chocolat blanc
"Chocolat noir",Chocolat noir
"Chocolat noisettes et amandes",Chocolat fourré
"Chocolat praliné",Chocolat fourré
"Chocolat à cuire",Chocolat noir
"Chocolate (bittersweet)",Chocolat noir
"Chocolate cake mix",Chocolat noir
"Chocolate chips (mini, semi-sweet)",Chocolat noir
"Chocolate pudding mix (instant)",Chocolat noir
"Chocolate sandwich cookies",Chocolat noir
"Chorizo (entier)",Chorizo (entier)
"Chorizo (ground)",Chorizo (entier)
"Chorizo (links, uncooked)",Chorizo (entier)
"Chorizo (tranches)",Chorizo (tranches)
"Chorizo (à griller)",Chorizo (entier)
"Chorizo espagnol",Chorizo (entier)
"Chou blanc (pièce)",Chou blanc
"Chou chinois",Chou chinois
"Chou de Bruxelles",Chou de Bruxelles
"Chou de Bruxelles (surgelé)",Chou de Bruxelles
"Chou frisé (pièce)",/
"Chou kale",Chou kale
"Chou romanesco",/
"Chou rouge",Chou rouge
"Chou-fleur (frais)",Chou-fleur
"Chou-fleur (surgelé)",Chou-fleur
"Chou-rave",Chou-fleur
"Choucroute",/
"Choufleur (riz)",Chou-fleur
"Chutney de mangue",/
"Chèvre",Chèvre
"Chèvre (Rocamadour)",Chèvre
"Chèvre (bûche cendrée)",Chèvre
"Chèvre (bûche)",Chèvre
"Chèvre (crottin)",Chèvre
"Chèvre (râpé)",Chèvre
"Chèvre frais",Chèvre
"Chèvre pané",Chèvre
"Ciabatta roll",Baguette
"Ciboulette",Ciboulette (frais)
"Ciboulette (surgelée)",Ciboulette (frais)
"Ciboulette (séchée)",Ciboulette (séché)
"Cidre", Cidre
"Cidre rosé", Cidre
"Cilantro-lime rice (cooked)",/
"Cinnamon rolls (canned)",/
"Citron confit",/
"Citron jaune",Citron jaune (frais)
"Citron jaune (jus)",Citron jaune (frais)
"Citron vert",Citron vert (frais)
"Citron vert (jus)",Citron vert (frais)
"Citronnelle",Citronnelle
"Citrouille",Citrouille
"Citrouille en conserve",Citrouille
"Clou de girofle",Clou de girofle
"Clou de girofle moulu",Clou de girofle
"Club Soda (seltzer)",/
"Clémentine",Clémentine (frais)
"Cocktail de fruits de mer (surgelé)",/
"Coconut (shredded, sweetened)",/
"Coeur d'artichaut ",Artichauts
"Cognac",Cognac
"Cointreau",Cointreau
"Cola",Coca
"Colby jack (shredded)",/
"Coleslaw (prepared)",Coleslaw
"Coleslaw dressing",Coleslaw
"Coleslaw mix",Coleslaw
"Colin (surgelé)",Colin
"Collier d'agneau",/
"Colombo",/
"Colorant orange",/
"Colorants alimentaires (liquide)",/
"Colorants alimentaires (poudre)",/
"Compote abricot (conserve)",Compote d'abricot
"Compote abricot (frais)",Compote d'abricot
"Compote de pomme",Compote de pomme
"Compote de pomme (pot)",Compote de pomme
"Compote rhubarbe (conserve)",Compote de rhubarbe
"Compote rhubarbe (frais)",Compote de rhubarbe
"Comté",Comté
"Comté (râpé)",Comté
"Comté AOP",Comté
"Concombre",Concombres
"Concombre (anglais)",Concombres
"Confits d'oignons",Confit d'oignons
"Confiture d'abricots",Confiture d'abricots
"Confiture de cerise",Confiture de cerise
"Confiture de figues",Confiture de figues
"Confiture de fraises",Confiture de fraises
"Confiture de framboises",Confiture de framboises
"Confiture de fruits rouges",Confiture de fruits rouges
"Confiture de groseilles",Confiture de groseilles
"Confiture de lait",Confiture de lait
"Confiture de myrtilles",Confiture de myrtilles
"Confiture de mûres",Confiture de mûres
"Cookies tout choco",/
"Cooking spray",/
"Coppa",Coppa
"Coquillettes, courgettes, tomates, thym",/
"Cordon bleu (frais)",Cordon bleu
"Cordon bleu (surgelé)",Cordon bleu
"Coriandre (frais)",Coriandre (frais)
"Coriandre (graines)",Coriandre (frais)
"Coriandre (moulue)",Coriandre (frais)
"Coriandre (surgelée)",Coriandre (frais)
"Coriandre (séchée)",Coriandre (séché)
"Corn flakes",/
"Cornbread",/
"Corned beef",/
"Corned beef (sliced)",/
"Corned beef brisket",/
"Cornichon",Cornichons
"Cornichon aigre-doux",Cornichons
"Cornichon à l'aneth",Cornichons
"Cottage cheese",/
"Coulis de framboise",Coulis de framboise
"Coulis de fruits rouges",Coulis de fruits rouges
"Coulommiers",Coulommiers
"Courge buttercup",Courge
"Courge butternut",Courge
"Courge butternut Bio",Courge
"Courge kabocha",Courge
"Courge poivrée",Courge
"Courge spaghetti",Courge
"Courgette",Courgette
"Courgette jaune",Courgette
"Courgette ronde",Courgette
"Couscous aux épices",Semoule
"Couscous perlé",Semoule
"Crabe (chair)",Crabe
"Cracker",/
"Cranberries (fresh)",/
"Cranberries (frozen)",/
"Cranberry",/
"Cranberry preserves",/
"Cranberry sauce",/
"Cream canned corn",/
"Cream of celery soup",/
"Cream of chicken soup",/
"Cream of mushroom soup",/
"Creole seasoning",/
"Crescent rolls",/
"Cresson",/
"Crevette (cuite)",Crevette
"Crevette (cuite/surgelée)",Crevette
"Crevettes (crues)",Crevette
"Crevettes (crues/surgelées)",Crevette
"Croissant",Croissant
"Croque monsieur tendre croque (Herta)",/
"Croque-monsieur",/
"Crousti veggie (surgelé)",/
"Crousti' fajitas kit",Kit fajitas
"Crousti' taco kit",/
"Crozets",/
"Crozets au sarrasin",/
"Croûtons ",Croûtons
"Croûtons à l'ail",Croûtons
"Crumpets",/
"Crunchy chow mein noodles",/
"Crème aigre",Crème fraîche
"Crème aigre vegan",Crème fraîche
"Crème anglaise",Crème anglaise
"Crème balsamique ",Crème balsamique
"Crème d'Isigny",Crème fraîche
"Crème d'Isigny AOP",Crème fraîche
"Crème d'amande",/
"Crème de cassis",/
"Crème de citron",/
"Crème de coco",/
"Crème de marrons",/
"Crème de riz",/
"Crème de soja",/
"Crème de whisky",/
"Crème fleurette",Crème fleurette
"Crème fraîche",Crème fraîche
"Crème fraîche 15%",Crème fraîche 15%
"Crème fraîche 4%",Crème fraîche 4%
"Crème fraîche fluide d'Alsace IGP",Crème fraîche
"Crème glacée Vanille",/
"Crème glacée café",/
"Crème liquide",Crème liquide
"Crème liquide 12%",Crème liquide 12%
"Crème liquide 15%",Crème liquide 15%
"Crème liquide 30%",Crème liquide 30%
"Crème liquide 4%",Crème liquide 4%
"Crème légère",Crème liquide
"Crème semi-épaisse",Crème semi-épaisse
"Crème végétale",Crème semi-épaisse
"Crémant",Crémant
"Crépinettes (pur porc)",/
"Crêpe dentelle",/
"Crêpe jambon emmental",/
"Crêpe jambon emmental (Marie)",/
"Crêpes",/
"Cuisse de lapin",/
"Cuisses de poulet rôties",/
"Cumin (graines)",Cumin
"Cumin (moulu)",Cumin
"Curcuma (poudre)",Curcuma
"Curry (poudre)",Curry
"Câpres",Câpres
"Cèpes (frais)",/
"Cèpes (séchés)",/
"Cébette",Cébette
"Céleri branche",Céleris
"Céleri-rave",Céleris
"Côte de boeuf",Viande de boeuf
"Côte de porc",Viande de porc
"Côtes d'agneau",/
"Cœur de bœuf",Viande de boeuf
"Cœur de palmier",/
"Dattes",/
"Delicata squash",/
"Demi-baguette (précuite)",baguette
"Diced Tomatoes with Green Chilis",/
"Diced tomatoes & Italian herbs",/
"Dinde (cuisses)",Dinde
"Dinde (entière)",Dinde
"Dinde (escalope)",Dinde
"Dinde (pastrami)",Dinde
"Dinde (paupiettes)",Dinde
"Dinde (sauté)",Dinde
"Dinde hachée",Dinde
"Diot",/
"Dorade (entière)",Dorade
"Dry ginger ale",/
"Dés de chorizo",Chorizo (entier)
"Dés de fromage frais",Fromage à pâte dur
"Dés de jambon",Jambon
"Dés de poulet",Poulet (escalope)
"Dés de saumon fumé",Saumon/Truite (fumé)
"Eau",Eau
"Eau gazeuse",Eau gazeuse
"Edam",/
"Edam (tranche)",/
"Edamame",/
"Egg roll wrappers",/
"Eggnog",/
"Emmental",Emmental
"Emmental (tranches)",Emmental
"Enchilada sauce (green)",/
"Enchilada sauce (red)",/
"Endive carmine",Endives
"Endives",Endives
"English muffin",/
"Escalope milanaise",Escalope milanaise
"Escalope végétale",Dinde
"Estragon (frais)",Estragon
"Estragon (surgelé)",Estragon
"Estragon (séché)",Estragon
"Etorki (fromage basque)",Fromage à pâte dur
"Everything seasoning",/
"Extrait d'amande amère",/
"Faisselle",Faisselle
"Fajita seasoning",/
"Falafel (frais)",Falafel
"Falafel (surgelé)",Falafel
"Farce",/
"Farine T45",Farine T45
"Farine T55",Farine T55
"Farine T65",Farine T65
"Farine d'avoine",Farine
"Farine d'orge mondé",Farine
"Farine d'épeautre",Farine
"Farine de Sarrasin",Farine de Sarrasin
"Farine de blé",Farine
"Farine de blé Label Rouge",Farine
"Farine de blé T80",Farine
"Farine de blé complet",Farine
"Farine de châtaigne",Farine
"Farine de maïs",Farine
"Farine de noix de coco",Farine
"Farine de pois chiches",Farine
"Farine de riz",Farine
"Farine de riz complet",Farine
"Farine de seigle",Farine de seigle
"Farine semi-complète",Farine semi-complète
"Farro",/
"Fenouil",Fenouil
"Ferments lactiques",Ferments lactiques
"Feta",Feta
"Feta (marinée)",Feta
"Feta (émietté)",Feta
"Feuille de brick",/
"Feuille de laurier",Laurier
"Feuille de riz",/
"Feuilles de filo",/
"Figue",Figue (frais)
"Figue séchée",Figue (frais)
"Filet de dinde",Dinde
"Filet de maquereau (boîte)",Maquereau (conserve)
"Filet de maquereau aux tomates séchées (boîte) ",Maquereau (conserve)
"Filet de merlan",Merlan
"Filet de merlu",Merlu
"Filet de poisson (pané)",Poissons panés
"Filet de rouget",rouget
"Filet de saumon",Saumon
"Fingers",/
"Fire roasted corn",/
"Fire roasted diced tomatoes",/
"Fire roasted peppers (jarred)",/
"Five spice powder",/
"Flageolets (conserve)",/
"Flammekueche",/
"Flammekueche (Stoeffler)",/
"Flatbread",/
"Fleur de sel",Sel
"Flour tortilla (burrito size)",/
"Flour tortilla (soft taco)",/
"Foie de veau",/
"Foie gras",Foie gras
"Foie gras mi-cuit",Foie gras
"Fond d'artichaut",/
"Fond de veau",Fond de veau
"Fond de volaille",Fond de volaille
"Fontine",/
"Fouetté de chèvre",/
"Fourme d'Ambert",/
"Fraise",Fraise (frais)
"Framboises",Framboises (frais)
"Framboises (surgelées)",Framboises (surgelés)
"French roll",/
"Fresno chili pepper",/
"Fricadelle",/
"Frites surgelées",Frites
"Fromage Monterey Jack",/
"Fromage ail & fines herbes",Fromage ail & fines herbes
"Fromage blanc",Fromage blanc
"Fromage blanc (Danone)",Fromage blanc
"Fromage blanc (brebis)",Fromage blanc
"Fromage blanc 0%",Fromage blanc
"Fromage cotija",/
"Fromage croque-monsieur",Cheddar (tranches)
"Fromage fouetté"
"Fromage frais",Fromage frais
"Fromage frais mexicain",Fromage frais
"Fromage râpé",Emmental (râpé)
"Fromage râpé mexicain (mélange)",Emmental (râpé)
"Fromage triangle",Cheddar (tranches)
"Fromage à burger",Cheddar (tranches)
"Fromage à trous",Emmental
"Fromage à trous (tranches)",Emmental (tranches)
"Fruit de la passion",Fruit de la passion
"Fruits rouges (surgelés)",Fruits rouges
"Fumet de poisson",/
"Funfetti cake mix",/
"Furikake seasoning",/
"Fusilli protéinés",/
"Fèves (frais)",Fèves
"Fèves (secs)",Fèves
"Fèves (surgelé)",Fèves
"Fécule de pommes de terre",Fécule de pommes de terre
"Galette bretonne",/
"Galette de céréales",/
"Galettes de légumes",/
"Gambas",Gambas
"Gants en latex",Gants en latex
"Garam masala",/
"Garlic bread (frozen)",Pain à l'ail
"Gazpacho",Gazpacho
"Gelée au madère",/
"Get 27",Get 27
"Gigante beans (dried)",/
"Gigot d'agneau",/
"Gin",Gin
"Gingembre (frais)",Gingembre (frais)
"Gingembre (moulu)",Gingembre (séché)
"Ginger beer",Biere
"Girolle",/
"Glace au caramel",/
"Glace coco",/
"Glaçons",Glaçons
"Gnocchi",Gnocchi
"Gnocchi (à poêler)",Gnocchi
"Goat cheese (crumbled)",Chèvre
"Gomasio",/
"Gorgonzola",Gorgonzola
"Gouda",Gouda
"Gouda (tranche)",Gouda
"Gouda au cumin ",Gouda
"Graham cracker",Biscuits
"Graham cracker crust",Biscuits
"Graines d'anis",/
"Graines de Chia",Graines de Chia
"Graines de courge",Graines de courge
"Graines de grenade",/
"Graines de lin",Graines de lin
"Graines de moutarde",Graines de moutarde
"Graines de pavot",Graines de pavot
"Graines de soja",Graines de soja
"Graines de sésame",Graines de sésame
"Graines de tournesol",Graines de tournesol
"Graines germées",/
"Graisse de canard",/
"Grana Padano",/
"Grand Marnier",/
"Granola",Biscuits
"Granola chocolat",Biscuits
"Green Thai curry sauce",/
"Green chiles (canned)",/
"Grenade",/
"Grenadine",Grenadine
"Gressins",/
"Grilling cheese",/
"Grits (instant)",/
"Gros sel",Gros sel
"Ground flaxseed",/
"Gruyère",Gruyère
"Gruyère cheese (shredded)",Gruyère
"Guacamole",Guacamole
"Guimauve",/
"Gyoza crevette",Gyoza
"Gyoza poulet",Gyoza
"Gélatine",/
"Gésiers (canard)",/
"Gésiers de volaille (conserve)",/
"Gésiers de volaille (sous-vide)",/
"Hachis parmentier",Hachis parmentier
"Hachis parmentier (Marie)",Hachis parmentier
"Haché végétal",/
"Haddock fumé",/
"Half & half",/
"Halloumi",/
"Ham (boneless, spiral)",/
"Hareng fumé",Hareng
"Haricot beurre (conserve)",Haricots verts
"Haricot plat (frais)",Haricots verts
"Haricot plat (surgelé)",Haricots verts
"Haricot vert (conserve)",Haricots verts
"Haricot vert (frais)",Haricots verts
"Haricot vert (surgelé)",Haricots verts
"Haricots (mélange/boite)",Haricots verts
"Haricots (mélange/surgelé)",Haricots verts
"Haricots blancs (secs)",Haricots blanc
"Haricots blancs nature (cuits)",Haricots blanc
"Haricots blancs à la tomate",Haricots blanc avec sauce
"Haricots noirs (cuits)",Haricots noirs
"Haricots rouges (cuits)",Haricots rouges
"Haricots rouges (sec)",Haricots rouges
"Harissa (pâte)",Harissa
"Hash browns (shredded)",/
"Havarti cheese",/
"Herbes de Provence",Herbes de Provence
"Honey oat granola",/
"Hot paprika",Paprika
"Hot sauce",/
"Houmous",Houmous
"Huile",Huile d'olive
"Huile Isio 4",Huile Isio 4
"Huile aromatisée au basilic",Huile d'olive
"Huile aromatisée à l'ail ",Huile d'olive
"Huile aromatisée à la truffe",Huile d'olive
"Huile d'arachide",Huile d'arachide
"Huile d'avocat",Huile d'avocat
"Huile d'olive",Huile d'olive
"Huile de coco",Huile de coco
"Huile de colza",Huile de colza
"Huile de lin ",Huile de lin 
"Huile de noisette",Huile de noisette
"Huile de noix",Huile de noix
"Huile de pépins de raisin",Huile de pépins de raisin
"Huile de sésame",Huile de sésame
"Huile de tournesol",Huile de tournesol
"Huile pimentée",Huile pimentée
"Huile pour friture",Huile pour friture
"Huître",Huître
"Ice cream cones (wafer)",/
"Iced tea (unsweetened)",/
"Igname",/
"Instant Espresso",/
"Instant ramen (pork)",/
"Instant risotto",/
"Instant yeast",/
"Italian bread (bakery style)",/
"Italian cheese blend (shredded)",/
"Italian dressing",/
"Italian meatballs (cooked)",/
"Jalapeño",/
"Jambon blanc",Jambon blanc
"Jambon cru",Jambon sec cru
"Jambon cru (Prosciutto)",Jambon sec cru
"Jambon de Bayonne",Jambon sec cru
"Jambon de Bayonne IGP",Jambon sec cru
"Jambon végétal",/
"Jambonneau",Viande de porc
"Jarret de porc",Viande de porc
"Jasmine rice",Riz (thai)
"Jasmine rice (cooked)",Riz (thai)
"Jerk marinade",/
"Jerk seasoning",/
"Joue de bœuf (cuisiné)",Viande de boeuf
"Joue de porc",Viande de porc
"Julienne de légumes (surgelés)",/
"Jus d'abricot",Jus d'abricot
"Jus d'ananas",Jus d'ananas
"Jus d'orange",Jus d'orange
"Jus de banane",Jus de banane
"Jus de clémentine",Jus de clémentine
"Jus de cranberry",Jus de cranberry
"Jus de goyave",Jus de goyave
"Jus de grenade",Jus de grenade
"Jus de mangue",Jus de mangue
"Jus de pamplemousse",Jus de pamplemousse
"Jus de pomme",Jus de pomme
"Jus de pêche",Jus de pêche
"Jus de tomate",Jus de tomate
"Kaiser roll",/
"Kaki",Kaki (frais)
"Ketchup",Sauce ketchup
"Key lime juice (bottled)",Jus de citron vert
"Kielbasa",/
"Kimchi",/
"Kinder maxi",/
"Kiri",Kiro
"Kirsch",/
"Kit French Tacos",Kit fajitas
"Kit burrito ",Kit fajitas
"Kit enchiladas",Kit fajitas
"Kit fajitas",Kit fajitas
"Kit taco",Kit fajitas
"Kiwi jaune",Kiwi jaune (frais)
"Kiwi vert",Kiwi vert (frais)
"Knack (fumée)",/
"Korean bbq sauce",/
"Kub or",Kub or
"Lacinato Kale",/
"Lait",Lait
"Lait (demi-écrémé)",Lait (demi-écrémé)
"Lait (entier)",Lait (entier)
"Lait (ribot)",Lait fermenté
"Lait (écrémé)",Lait (écrémé)
"Lait concentré non sucré",Lait concentré
"Lait concentré sucré",Lait concentré
"Lait d'avoine",Lait d'avoine
"Lait de brebis",Lait de brebis
"Lait de chèvre",Lait de chèvre
"Lait de coco",Lait de coco
"Lait en poudre",Lait en poudre
"Lait fermenté",Lait fermenté
"Laitue",Salade (laitue)
"Laitue déchiquetée",Salade (laitue)
"Laitue iceberg",Salade (laitue)
"Lamb (ground)",/
"Lamb chops",/
"Langoustines",Langoustines
"Langues de chat",/
"Lard (tranches)",Lard
"Lardons",Lardons & Allumettes
"Lardons de volaille",Lardons & Allumettes
"Lardons fumés",Lardons & Allumettes
"Lardons fumés Label Rouge",Lardons & Allumettes
"Lardons végétaux",Lardons & Allumettes
"Lasagna noodles",Feuille de lasages
"Lasagne bolognese (surgelé)",Lasagnes
"Lasagnes (cru)",Lasagnes
"Lasagnes (frais)",Lasagnes
"Lasagnes bolognese (Marie)",Lasagnes
"Lemon extract",Jus de citron
"Lentilles (cuisinées à l’Auvergnate)",Lentilles
"Lentilles (cuites)",Lentilles
"Lentilles (à cuire)",Lentilles
"Lentilles corail",Lentilles corail
"Levure boulangère (sèche)",Levure boulangère
"Levure chimique",Levure chimique
"Levure fraîche",Levure fraîche
"Levure maltée",Levure fraîche
"Lieu",Lieu
"Lillet blanc",/
"Lima beans (canned)",/
"Lima beans (dry)",/
"Limonade",Limonade
"Limoncello",/
"Liqueur St Germain",/
"Liqueur de café",/
"Litchi (boîte)",Litchi (frais)
"Litchi frais",Litchi (frais)
"Lupins",/
"Légumes pot au feu",/
"Légumes pour couscous",Légumes pour couscous
"M&M's",/
"Macédoine de légumes (conserve)",Macédoine de légumes
"Macédoine de légumes (frais)",Macédoine de légumes
"Macédoine de légumes (surgelé)",Macédoine de légumes
"Magret de canard du Sud-Ouest IGP",Canard
"Manchego",/
"Mandarin orange (canned)",Mandarine (frais)
"Mandarine",Mandarine (frais)
"Mango salsa",/
"Mangue",Mangue (frais)
"Mangue (cubes)",Mangue (frais)
"Mangue (surgelé)",Mangue (surgelé)
"Maquereau (en boîte)",Maquereau (conserve)
"Maquereau fumé",Maquereau (conserve)
"Margarine",Margarine
"Marinated pork tenderloin",Margarine
"Maroilles",Maroilles
"Marron glacé",/
"Marrons (cuits en conserve)",/
"Marrons (cuits sous-vide)",/
"Marrons (cuits surgelés)",/
"Marsala",/
"Marshmallows (mini)",/
"Martini Fiero",Martini
"Martini rouge",Martini
"Mascarpone",Mascarpone
"Massalé",/
"Matzo ball mix (matzo meal)",/
"Mayonnaise",Sauce mayonnaise
"Maïs (congelé)",Maïs
"Maïs (conserve)",Maïs
"Maïs (épi frais)",Maïs
"Maïs (épi sous-vide)",Maïs
"Maïzena",Maizena
"Melon",Melon (frais)
"Melon (jaune)",Melon jaune (frais)
"Melon (vert)",Melon vert (frais)
"Menthe (feuilles)",Menthe
"Menthe (surgelée)",Menthe
"Menthe (séchée)",Menthe
"Merguez",Merguez
"Merguez végétales",Merguez
"Meringue",/
"Mexican style rice",/
"Miel (liquide)",Miel
"Miel d'acacia",Miel
"Miel de Provence IGP",Miel
"Miette de thon à la tomate (boîte)",Thon
"Millet",/
"Mimolette",Mimolette
"Mimolette (tranches)",Mimolette
"Mini Pavé d'Affinois",/
"Mini carottes",Carottes
"Mini pain burger",Pain burger
"Mini épis de maïs",/
"Mini-toast (carré)",Toast
"Mirabelle",Mirabelle (frais)
"Mirin",/
"Miso blanc",/
"Mixed grain blend (cooked)",/
"Mixed salad blend",/
"Molasses",/
"Mont d'Or",/
"Monterey Jack cheese (block)",/
"Monterey Jack cheese (slices)",/
"Morbier",Morbier
"Morilles (bocal) ",/
"Morilles (surgelées)",/
"Morilles (séchées)",/
"Mortadelle",Mortadelle
"Morue séchée",Morue
"Moules",Moules
"Moutarde",Sauce moutarde
"Moutarde au miel",Sauce moutarde
"Moutarde de Bourgogne IGP",Sauce moutarde
"Moutarde douce",Sauce moutarde
"Moutarde à l'ancienne",Sauce moutarde
"Moutarde à l'estragon",Sauce moutarde
"Mozzarella (boule)",Mozzarella
"Mozzarella (mini)",Mozzarella
"Mozzarella (râpée)",Mozzarella
"Mozzarella (sliced)",Mozzarella
"Mozzarella (à cuire)",Mozzarella
"Mozzarella Sticks (surgelés)",Mozzarella
"Mozzarella di bufala",Mozzarella
"Muffins",/
"Multi-grain roll",/
"Munster",Munster
"Muscade",Muscade
"Mustard powder",/
"Myrtille",Myrtilles (frais)
"Mélange chipolatas et merguez",Saucisse (chipolata)
"Mélange curry de lentilles",/
"Mélange céréales",/
"Mélange céréales (cuites)",/
"Mélange de graines",/
"Mélange de légumes (surgelés) ",/
"Mélange italien",/
"Mélange pour pâtes",/
"Mélange épices mexicaines",Mélange mexican
"Mélange œufs de Pâques",/
"Mûre",Mûre (frais)
"Navet",Navet
"Navy beans (canned)",/
"Nectarine",Nectarine (frais)
"Nem (porc)",Nems
"Nem (poulet)",Nems
"New England split-top bun",/
"Noisette",Noisette
"Noix",Noix
"Noix de Grenoble AOP",Noix de Grenoble
"Noix de Saint-Jacques (frais)",Saint-Jacques
"Noix de Saint-Jacques (surgelé)",Saint-Jacques
"Noix de cajou",Noix de cajou
"Noix de coco",Noix de coco
"Noix de coco (chips)",Noix de coco
"Noix de coco (râpée)",Noix de coco
"Noix de macadamia",Noix de macadamia
"Noix de pécan",Noix de pécan
"Noix du Brésil",Noix du Brésil
"Nouilles chinoises (aux œufs)",Nouilles
"Nouilles de blé",Nouilles
"Nouilles de konjac",Nouilles
"Nouilles de patate douce",/
"Nouilles de riz",Nouilles
"Nouilles instantanées (bœuf)",Nouilles
"Nouilles instantanées (crevette)",Nouilles
"Nouilles instantanées (curry)",Nouilles
"Nouilles instantanées (poulet)",Nouilles
"Nouilles précuites (Ramen)",Nouilles
"Nouilles soba",/
"Nuggets (frais)",Nuggets
"Nuggets (surgelé)",Nuggets
"Nuggets végétaux (frais)",Nuggets
"Nuggets végétaux (surgelé)",Nuggets
"Oignon blanc",Oignon blanc
"Oignon doux des Cévennes AOP",Oignon blanc
"Oignon jaune",Oignon jaune
"Oignon nouveau",Oignon nouveau
"Oignon rouge",Oignon rouge
"Oignon saucier",Oignon jaune
"Oignon semoule",Oignon jaune
"Oignons frits",Oignons frits
"Oignons grelots",Oignon jaune
"Oignons émincés (surgelé)",Oignon jaune
"Old bay seasoning",/
"Olives (assaisonnées)",Olives noires
"Olives (mélange)",Olives noires
"Olives de Kalamata",Olives noires
"Olives fourrées au poivron",Olives noires
"Olives noires (dénoyautées)",Olives noires
"Olives noires (entières)",Olives noires
"Olives vertes (dénoyautées)",Olives vertes
"Olives vertes (entières)",Olives vertes
"Onion rings (surgelés)",/
"Orange",Orange (frais)
"Orange sanguine",Orange sanguine (frais)
"Oreo",Biscuit
"Orge perlé",/
"Origan (frais)",Origan
"Origan (séché)",Origan
"Os à moelle",/
"Oseille",/
"Ossau Iraty AOP",/
"Osso-bucco (veau)",/
"Oyster crackers",/
"Pain (baguette)",Baguette
"Pain Bretzel"
"Pain Burger (Jacquet)",Pain Burger
"Pain au lait",Pain
"Pain azyme",Pain
"Pain bagel",Pain bagel
"Pain bruschetta",Pain
"Pain burger",Pain Burger
"Pain burger (brasserie)",Pain Burger
"Pain burger (brioché)",Pain Burger
"Pain ciabatta",Pain ciabatta
"Pain complet",Pain
"Pain d'épices",Pain
"Pain de campagne (non tranché)",Pain
"Pain de campagne (tranché)",Pain
"Pain de mie",Pain
"Pain de mie (complet)",Pain
"Pain de mie (céréales)",Pain
"Pain de mie (sans croûte)",Pain
"Pain de mie (seigle)",Pain
"Pain focaccia",Pain
"Pain libanais",Pain
"Pain naan",Pain naan
"Pain noir",Pain
"Pain panini",Pain panini
"Pain pita",Pain pita
"Pain suédois",Pain
"Pain à hot dog",Baguette
"Pak choÏ",Pak choi
"Paleron de bœuf (cuisiné)",Viande de boeuf
"Palet breton",Biscuit
"Palette fumée",Viande de porc
"Palourde",Palourde
"Pamplemousse",Pamplemousse (frais)
"Panais",Panais
"Pancakes",Pancakes
"Pancetta",Lard
"Paneer",/
"Paniers feuilletés épinards et chèvre (surgelés)",Paniers feuilletés
"Papaye",Papaye
"Papier aluminium",Papier aluminium
"Papier cuisson",Papier cuisson
"Paprika",Paprika
"Paprika fumé",Paprika
"Parmesan (copeaux)",Parmesan
"Parmesan (morceaux)",Parmesan
"Parmesan (râpé)",Parmesan
"Parmesan (shredded)",Parmesan
"Pasta (Cavatappi)",Pâtes (coquillettes)
"Pasta (manicotti)",/
"Pasta (shells)",/
"Pasta (ziti rigate)",/
"Pastis",Pastis
"Pastèque (classique)",Pastèque (frais)
"Pastèque (mini)",Pastèque (frais)
"Pastèque (sans pépins)",Pastèque (frais)
"Patate douce",Patate douce
"Patate douce (cube)",,/
"Pavé d'Affinois",/
"Pavé veggie",/
"Peanut sauce",/
"Pearl barley (quick cook)",/
"Pearl couscous",/
"Pecorino Romano",/
"Penne rigate protéinées",/
"Pepper Jack cheese",/
"Pepper Jack cheese (block)",/
"Pepper Jack cheese (shredded)",/
"Pepperoncini (sliced)",/
"Pepperoncini (whole)",/
"Pepperoni",Pepperoni
"Pepperoni (tranches)",Pepperoni
"Persil (frais)",Persil
"Persil (surgelé)",Persil
"Persil (séché)",Persil
"Persil frisé",Persil
"Persil plat",Persil
"Persillade (séchée)",Persil
"Petit beurre",Biscuit
"Petit salé",Biscuit
"Petit suisse",Fromage blanc
"Petits oignons (au vinaigre)",/
"Petits pois (conserve)",Petits pois
"Petits pois (frais)",Petits pois
"Petits pois (surgelés)",Petits pois
"Petits pois carottes (conserve)",Petits pois carottes
"Philadelphia",Fromage à tartiner
"Pickle chips",Chips
"Pickle relish",Chips
"Pickled jalapeño peppers",/
"Pico de gallo",/
"Pics à brochette",/
"Pierogies (frozen)",/
"Pignons de pin",/
"Piment (doux)",Piment
"Piment d'Espelette",Piment
"Piment de Cayenne",Piment
"Piment oiseau",Piment
"Piment rouge (entier)",Piment rouge (frais)
"Piment rouge broyé",Piment
"Piment vert",Piment vert (frais)
"Pimento cheese",/
"Pineapple (canned)",/
"Pintade (entière)",/
"Pistaches (grillées)",Pistaches
"Pistaches (émondées)",Pistaches
"Pita chips",Chips
"Pizza Crust Classic jambon emmental (Sodebo)",/
"Pizza Mozzarella Prosciutto (Sodebo)",/
"Pleurote (frais)",/
"Poire",Poire (frais)
"Poire (au sirop)",/
"Poireau",Poireaux
"Poireau (blanc)",Poireaux
"Poireau (émincé frais)",Poireaux
"Poireau (émincé surgelé)",Poireaux
"Pois cassés",Pois chiches
"Pois chiches (cuits)",Pois chiches
"Pois chiches (secs)",Pois chiches
"Pois gourmands",Pois chiches
"Poisson pané",Poissons panés
"Poivre",Poivre
"Poivre 5 baies",Poivre
"Poivre blanc",Poivre
"Poivre de Sichuan",Poivre
"Poivre noir",Poivre
"Poivre vert",Poivre
"Poivron (assortiment)",Poivrons
"Poivron jaune",Poivron jaune
"Poivron rouge",Poivron rouge
"Poivron vert",Poivron vert
"Poivronade",/
"Poivrons grillés",Poivrons grillés
"Polenta",Polenta
"Pomme (à cuire)",Pomme (frais)
"Pomme Dauphine",Pomme (frais)
"Pomme golden",Pomme (frais)
"Pomme granny smith ",Pomme (frais)
"Pomme rouge",Pomme (frais)
"Pomme verte ",Pomme (frais)
"Pommes de terre",Pommes de terre
"Pommes de terre (four/purée)",Pommes de terre
"Pommes de terre (primeur)",Pommes de terre
"Pommes de terre (rattes)",Pommes de terre
"Pommes de terre (vapeur/rissolées)",Pommes de terre
"Pommes de terre Label Rouge",Pommes de terre
"Pommes de terre Yukon",Pommes de terre
"Pommes de terre grenailles (surgelées)",Pommes de terre
"Pommes de terre rissolées",Pommes de terre
"Pommes noisettes",Pommes de terre
"Pommes noisettes (air-fryer)",Pommes de terre
"Pommes sautées",Pommes de terre
"Pommes sautées (sarladaise)",Pommes de terre
"Pont-L'Évêque ",/
"Porc (demi-palette)",Viande de porc
"Porc (filet mignon)",Viande de porc
"Porc (palette)",Viande de porc
"Porc (paupiettes)",Viande de porc
"Porc (poitrine)",Viande de porc
"Porc (rôti)",Viande de porc
"Porc (échine)",Viande de porc
"Porc haché",Viande de porc
"Pork breakfast sausage (ground)",Viande de porc
"Pork dumplings (frozen)",Viande de porc
"Pork sausage patties",Viande de porc
"Pork shoulder (bone-in)",Viande de porc
"Pork shoulder (butt)",Viande de porc
"Porto",Porto
"Potato Pops",/
"Potato chips",Chips
"Potato salad",/
"Potatoes",Pommes de terre
"Potatoes (frozen, diced)",Pommes de terre
"Potatoes surgelées Kid Smile",Pommes de terre
"Potimarron",Potimarron
"Potiron",Potiron
"Potstickers (veggie)",/
"Poudre d'amande",Poudre d'amande
"Poudre de noisette",Poudre de noisette
"Poulet (aiguillette)",Poulet (escalope)
"Poulet (cuisse)",Poulet (entier)
"Poulet (entier)",Poulet (entier)
"Poulet (escalope bio)",Poulet (escalope)
"Poulet (escalope)",Poulet (escalope)
"Poulet (haut de cuisse)",Poulet (entier)
"Poulet (haut de cuisse, sans os)",Poulet (entier)
"Poulet (pané)",poulet panés
"Poulet (pilon)",Ailes de poulet
"Poulet entier Label Rouge",Poulet (escalope)
"Poulet fumé (entier)",Poulet (entier)
"Poulet rôti",Poulet (entier)
"Poulet émincé (cru)",Poulet (escalope)
"Poulet émincé (cuit)",Poulet (escalope)
"Pousses de bambou",/
"Pousses de haricots mungo",Pousses de haricots mungo
"Poêlée champêtre",/
"Poêlée de légumes (congelé)",Poêlée de légumes
"Poêlée méditerranéenne",Poêlée méditerranéenne
"Pralin",/
"Pretzels",/
"Prosecco",Prosecco
"Protein pasta",/
"Protéines de soja",/
"Provolone",/
"Prune",Prune (frais)
"Pruneau",Pruneau (frais)
"Préparation cookies",/
"Préparation pancakes",/
"Préparation à gâteau chocolat",/
"Préparation à gâteau nature",/
"Pulled pork (cooked)",Pulled pork
"Pumpkin pie spice",/
"Pumpkin seeds (whole)",/
"Purée (surgelée) "
"Purée d'amande",Purée d'amande
"Purée de cacahuètes",/
"Purée de carotte (surgelée)",Purée de carotte
"Purée de noisettes",/
"Purée de piment",/
"Purée de pistache ",/
"Purée de pommes de terre (en flocons)",/
"Pâte brisée",Pâte brisée
"Pâte brisée sans gluten",Pâte brisée
"Pâte d'amande",/
"Pâte de curry (Korma)",/
"Pâte de curry (rouge)",Pâte de curry (rouge)
"Pâte de curry (jaune)",Pâte de curry (jaune)
"Pâte de curry (vert)",Pâte de curry (vert)
"Pâte de marinade tandoori",/
"Pâte de praliné",/
"Pâte feuilletée",Pâte feuilletée
"Pâte feuilletée (rectangulaire) ",Pâte feuilletée
"Pâte feuilletée sans gluten ",Pâte feuilletée
"Pâte miso",/
"Pâte sablée",Pâte sablée
"Pâte à pizza",Pâte à pizza
"Pâte à pizza (boule)",Pâte à pizza
"Pâte à sucre",/
"Pâte à tartiner",Pâte à tartiner
"Pâte à tartiner cacahuète",Beurre de cacahuète
"Pâte à tartiner speculoos",/
"Pâtes (Bucatini)",Pâtes (spaghetti)
"Pâtes (Casarecce)",Pâtes (macaroni)
"Pâtes (Farfalle)",Pâtes (Farfalle)
"Pâtes (Farfalline)",Pâtes (Farfalle)
"Pâtes (Fusilli)",Pâtes (Fusilli)
"Pâtes (Fusillotti)",Pâtes (Fusilli)
"Pâtes (Linguine)",Pâtes (spaghetti)
"Pâtes (Orecchiette)",Pâtes (Orecchiette)
"Pâtes (Pappardelle)",Pâtes (Pappardelle)
"Pâtes (Penne)",Pâtes (Penne)
"Pâtes (Pipe rigate)",Pâtes (Pipe rigate)
"Pâtes (Rigatoni)",Pâtes (Rigatoni)
"Pâtes (Tagliatelle fraiches)",Pâtes (Tagliatelle sèches)
"Pâtes (Tagliatelle sèches)",Pâtes (Tagliatelle fraiches)
"Pâtes (Tripoline)",Pâtes (spaghetti)
"Pâtes (alphabet)",Pâtes (alphabet)
"Pâtes (cannelloni)",Pâtes (cannelloni)
"Pâtes (cheveux d'ange)",Pâtes (spaghetti)
"Pâtes (conchiglioni)",Pâtes (conchiglioni)
"Pâtes (coquillettes demi-complètes)",Pâtes (coquillettes)
"Pâtes (coquillettes)",Pâtes (coquillettes)
"Pâtes (fettuccine)",Pâtes (fettuccine)
"Pâtes (langue d'oiseau)",Pâtes (orzo)
"Pâtes (macaroni)",Pâtes (macaroni)
"Pâtes (orzo)",Pâtes (orzo)
"Pâtes (perles)",Pâtes (perles)
"Pâtes (petits plombs)",Pâtes (perles)
"Pâtes (radiatori)",Pâtes
"Pâtes (spaghetti quinoa)",Pâtes (spaghetti)
"Pâtes (spaghetti)",Pâtes (spaghetti)
"Pâtes (trofie)",Pâtes
"Pâtes (vermicelle)",Vermicelle
"Pâtes complètes",Pâtes
"Pâtes de lentilles",Pâtes
"Pâtes fraîches",Pâtes fraîches
"Pâtes sans gluten",Pâtes
"Pâtes sans-gluten (Coquillette)",Pâtes (coquillettes)
"Pâtes sans-gluten (courtes)",Pâtes
"Pâtes sans-gluten (longues)",Pâtes
"Pâtisson",/
"Pépites de chocolat",Pépites de chocolat
"Pépites de chocolat au lait",Pépites de chocolat au lait
"Pêche",Pêche (frais)
"Pêche (au sirop)",/
"Pêche plate ",Pêche (frais)
"Quatre-épices",/
"Quenelle nature",/
"Queso (nacho cheese)",/
"Queue de lotte",/
"Quinoa (cru)",Quinoa
"Quinoa (cuit)",Quinoa
"Quinoa mélange (cuit)",Quinoa
"Rack of lamb",/
"Raclette",Raclette
"Raclette de Savoie IGP",Raclette
"Radicchio (trévise)"
"Radis",Radis
"Radis noir",Radis
"Raifort",/
"Raifort (crème)",/
"Rainbow sprinkles",/
"Raisin (blanc)",Raisin blanc (frais)
"Raisin (noir)",Raisin noir (frais)
"Raisins de Corinthe",Raisin blanc (frais)
"Raisins secs",Raisin (secs)
"Raisins secs blonds",Raisin (secs)
"Ramen curry",/
"Ramen noodles (plain)",Nouilles ramen
"Ranch dressing",/
"Ranch seasoning mix",/
"Ras el hanout",Ras el hanout
"Ratatouille",Ratatouille
"Ravioles du Dauphiné",Ravioli
"Ravioli (Bœuf)",Ravioli
"Ravioli (Champignons)",Ravioli
"Ravioli (Fromage)",Ravioli
"Ravioli (Gorgonzola)",Ravioli
"Ravioli (Jambon cru)",Ravioli
"Ravioli (Ricotta)",Ravioli
"Ravioli (Ricotta-épinards)",Ravioli
"Reblochon",Reblochon
"Red cabbage (shredded)",/
"Red velvet cake mix",/
"Refried black beans",/
"Refried pinto beans",/
"Rhubarbe",Rhubarbe
"Rhum (ambré)",Rhum (ambré)
"Rhum (blanc)",Rhum (blanc)
"Rice chex cereal",/
"Rice pilaf",/
"Ricotta",Ricotta
"Rillette de thon",Rillette
"Rillettes",Rillette
"Rillettes poulet rôti",Rillette
"Risotto poulet champignon",/
"Risotto poulet champignon crème (Marie)",/
"Riste d'aubergines",/
"Ritz crackers",/
"Riz",Riz
"Riz (Arborio)",Riz (Arborio)
"Riz (Mélange)",Riz
"Riz (basmati)",Riz (basmati)
"Riz (complet)",Riz (complet)
"Riz (cuit)",Riz
"Riz (rond)",Riz (risotto)
"Riz (à sushi)",Riz (à sushi)
"Riz aux champignons (cuit)",Riz
"Riz aux épices (cuits) ",Riz
"Riz cantonais",Riz (cantonais)
"Riz complet (cuit)",Riz (complet)
"Riz de Camargue IGP",Riz
"Riz d’or",Riz
"Riz soufflé",Riz (soufflé)
"Riz thaï ",Riz (thai)
"Riz vénéré",Riz
"Riz à la tomate (cuit)",Riz
"Roast beef (deli)"
"Rognons de bœuf ",Viande de boeuf
"Romarin (frais)",Romarin
"Romarin (séché)",Romarin
"Roquefort",Roquefort
"Roquefort AOP",Roquefort
"Rosette",Rosette
"Roucoulons",/
"Rouelle de porc ",/
"Rutabaga",/
"Rye bread",/
"Râble de lapin",/
"Râpé végétal",/
"Rôti de dinde",/
"Rôti de porc (tranches)",/
"Safran",/
"Saindoux",/
"Saint-Félicien",Saint-Félicien
"Saint-Marcellin",Saint-Marcellin
"Saint-Nectaire",Saint-Nectaire
"Sake",Sake
"Salade",Salade
"Salade (Mélange)",Salade
"Salade (Romaine)",Salade
"Salade (batavia)",Salade
"Salade (coeur de laitue)",Salade (laitue)
"Salade (feuille de chêne)",Salade
"Salade (frisée)",Salade
"Salade (mâche)",Salade (mâche)
"Salade (mélange mâche-roquette)",Salade (mélange mâche-roquette)
"Salade (roquette)",Salade (roquette)
"Salade (sucrine)",Salade
"Salami",Salami
"Salsa verde",/
"Salsifis (conserve)",/
"Sambal oelek (sauce piquante)",/
"Sardine (boîte)",Sardine
"Sardine au piment ",Sardine
"Sardines (sans arêtes) ",Sardine
"Sauce Arrabbiata",/
"Sauce Curry Korma",/
"Sauce Teriyaki",Sauce Teriyaki
"Sauce Worcester",Sauce Worcester
"Sauce aigre douce",Sauce aigre douce
"Sauce algérienne",Sauce andalouse
"Sauce andalouse",Sauce algérienne
"Sauce barbecue",Sauce barbecue
"Sauce blanche",Sauce blanche
"Sauce bolognese",Sauce bolognese
"Sauce burger",Sauce burger
"Sauce butter chicken",/
"Sauce béarnaise",Sauce béarnaise
"Sauce caesar",Sauce caesar
"Sauce cocktail",Sauce cocktail
"Sauce curry mangue",/
"Sauce d'huitre",/
"Sauce deluxe",/
"Sauce hoisin",/
"Sauce hollandaise",/
"Sauce madère",/
"Sauce marinara",/
"Sauce nem",Sauce nem
"Sauce nuoc-mâm",Sauce nuoc-mâm
"Sauce pesto",Sauce pesto
"Sauce pesto rouge",Sauce pesto
"Sauce piment (Sriracha)",Sauce sriracha
"Sauce pizza",/
"Sauce poivre (chaude)",Sauce poivre
"Sauce poivre (froide)",Sauce poivre
"Sauce pommes de terre",/
"Sauce salade",Sauce caesar
"Sauce salsa",/
"Sauce samouraï ",Sauce samouraï
"Sauce soja salée",Sauce soja salée
"Sauce soja sucrée",Sauce soja sucrée
"Sauce tamari",Sauce soja sucrée
"Sauce tandoori",Sauce tandoori
"Sauce tartare",Sauce tartare
"Sauce tikka masala",/
"Sauce tomate",Sauce tomate
"Sauce tomate (Napolitaine)",Sauce tomate
"Sauce tomate (basilic)",Sauce tomate
"Sauce tomate (provençale)",Sauce tomate
"Sauce tomate mijotée (porc)",Sauce tomate
"Sauce yakitori",/
"Saucisse (chipolata)",Saucisse (chipolata)
"Saucisse (fumée)",Saucisse (chipolata)
"Saucisse de Francfort",Saucisse de Strasbourg
"Saucisse de Montbéliard",Saucisse de Strasbourg
"Saucisse de Morteau",Saucisse de Strasbourg
"Saucisse de Strasbourg",Saucisse de Strasbourg
"Saucisse de Toulouse",Saucisse de Strasbourg
"Saucisse de poulet",/
"Saucisse italienne (douce au basilic)",/
"Saucisse italienne (douce)",/
"Saucisse italienne (piquante)",/
"Saucisse knack (porc)",/
"Saucisse knack (veggie)",/
"Saucisse knack (volaille)",/
"Saucisses aux herbes ",/
"Saucisses cocktail",/
"Saucisson sec",Saucisson sec
"Saucisson sec (tranches)",Saucisson sec
"Saucisson à cuire",Saucisson sec
"Saucisson à l'ail ",Saucisson sec
"Sauge (frais)",Sauge
"Sauge (séchée)",Sauge
"Saumon (cru)",Saumon (frais)
"Saumon (filet entier)",Saumon (frais)
"Saumon (frais)",Saumon (frais)
"Saumon (fumé)",Saumon/Truite (fumé)
"Saumon (surgelé)",Saumon (frais)
"Saumon Label Rouge",Saumon (frais)
"Sauté de porc",Viande de porc
"Savora",/
"Sazon seasoning",/
"Scamorza",/
"Schweppes citron",/
"Seafood seasoning",/
"Seitan",/
"Sel",Sel
"Sel (fin)",Sel
"Sel au céleri",Sel
"Selles-sur-Cher",/
"Semolina hero roll",/
"Semoule",Semoule
"Semoule fine",Semoule
"Serrano pepper",Semoule
"Shawarma seasoning",/
"Shortening",/
"Simple syrup"
"Sirop d'agave",Sirop d'agave
"Sirop d'orgeat",Sirop d'orgeat
"Sirop d'érable",Sirop d'érable
"Sirop de fraise",Sirop de fraise
"Sirop de framboise",Sirop de framboise
"Sirop de glucose ",Sirop de glucose 
"Sirop de menthe",Sirop de menthe
"Sirop de mûre",Sirop de mûre
"Sirop de pêche",Sirop de pêche
"Sirop de sucre de canne",Sirop de sucre de canne
"Skyr",Skyr
"Skyr (aromatisé)",Skyr
"Skyr nature Les 2 vaches",Skyr
"Slider bun",/
"Smarties",/
"Sole (frais)",Sole
"Sole (surgelé)",Sole
"Sorbet citron vert",/
"Sorbet fruit de la passion",/
"Soupe aux légumes",Soupe aux légumes
"Soupe aux légumes du soleil",Soupe
"Soupe de tomate",Soupe de tomate
"Soupe poireaux pomme de terre",Soupe poireaux
"Soupe potimarron",Soupe
"Soupe à l'oignon (sachet)",Soupe
"Souris d'agneau",/
"Soy sauce (low sodium)",/
"Spaghetti protéinés",Pâtes (spaghetti)
"Speculoos",Speculoos
"Spicy mayo",/
"Spinach artichoke dip",/
"Spinach tortilla wrap",/
"Spätzle",/
"Steak haché 5% mg (frais)",Steak haché
"Steak haché 5% mg (surgelé)",Steak haché
"Steak sauce",/
"Steak végétal",/
"Stevia",/
"Stir fry sauce",/
"Stracciatella",/
"Strawberries (frozen)",/
"Strawberry Jelly",/
"Sub roll",/
"Sucre (en poudre)",Sucre (en poudre)
"Sucre (morceaux)",Sucre (en morceaux)
"Sucre (perle)",Sucre (en poudre)
"Sucre cristal",Sucre (en poudre)
"Sucre de canne",Sucre de canne
"Sucre de fleur de coco",/
"Sucre glace",Sucre glace
"Sucre muscovado",/
"Sucre vanillé",Sucre vanillé
"Sumac",/
"Surimi",Surimi
"Sweet and sour sauce",/
"Sweet potato fries",/
"Sweet potato gnocchi",/
"Swiss cheese (shredded)",/
"Tabasco",Tabasco
"Taboulé",Taboulé
"Taboulé (frais)",Taboulé
"Taco Shell",/
"Taco kit ",Kit fajitas
"Taco kit (souple)",Kit fajitas
"Tagliatelle à l'encre de seiche",/
"Tahini",/
"Tapenade (noire)",Tapenade (noire)
"Tapenade (verte)",Tapenade (verte)
"Tarama",Tarama
"Tartine",Tartine
"Tartine de seigle",Tartine
"Tempeh",/
"Tequila",Tequila
"Texas Toast (frozen)",/
"Thon (conserve)",Thon (conserve)
"Thon (steak)",Thon (steak)
"Thon au basilic",Thon (conserve)
"Thon au citron",Thon (conserve)
"Thon au naturel",Thon (conserve)
"Thon au piment",Thon (conserve)
"Thon aux tomates séchées",Thon (conserve)
"Thon à l'ail",Thon (conserve)
"Thon à l'huile",Thon (conserve)
"Thousand Island dressing",/
"Thym (branches)",Thym
"Thym (feuilles)",Thym
"Thé Earl Grey",Thé
"Thé noir",Thé
"Thé vert",Thé
"Tilapia (fresh)",/
"Tilapia (frozen)",/
"Toast (rond)",Toast
"Tofu (fumé)",Tofu
"Tofu (nature)",Tofu
"Tofu (soyeux)",Tofu
"Tomate",Tomate
"Tomate (chair)",Tomate (chair)
"Tomate (concentré)",Tomate (concentré)
"Tomate (purée)",Tomate (purée)
"Tomate (à cuire)",Tomate
"Tomate cœur de bœuf",Tomate
"Tomate pelée",Tomate (pelée)
"Tomates cerises",Tomate (cerises)
"Tomates concassées",Tomate (concassées)
"Tomates en grappe",Tomate
"Tomates jaunes",Tomate
"Tomates multicolores",Tomate
"Tomates semi-séchées",Tomates séchées
"Tomates séchées",Tomates séchées
"Tomatillo",/
"Tomato bouillon",/
"Tomatoes (canned, diced)",/
"Tomme",Tomme
"Tomme de brebis",Tomme
"Tomme fraîche ",Tomme
"Tonic",Tonic
"Topinambour",/
"Torta rolls (Telera)",/
"Tortellini (Fromage)",Pâtes (Tortellini)
"Tortellini (Ricotta-épinards)",Pâtes (Tortellini)
"Tortilla (blé complet)",Tortillas
"Tortilla (blé)",Tortillas
"Tortilla (maïs)",Tortillas
"Tortilla (sans gluten)",Tortillas
"Tortilla Pockets (kit)",Tortillas
"Tortilla bowl",Tortillas
"Tortilla strips",Tortillas
"Tostada Shells",/
"Tranches végé",/
"Tranches végétales (saveur cheddar)",/
"Tranches végétales (saveur emmental)",/
"Travers de porc",Viande de porc
"Tripes à la mode de Caen",/
"Truite",Truite (frais)
"Truite fumée",Saumon/Truite (fumé)
"Tuc",/
"Turkey (deli slices)",Dinde
"Turkey breast (whole)",Dinde
"Turkey burger",Dinde
"Turkey gravy",Dinde
"Turkey meatballs (cooked)",Dinde
"Tzatziki",Tzatziki
"Udon",Udon
"Udon soja & sésame",Udon
"Umami seasoning",/
"Vanilla frosting",Vanille (extrait)
"Vanille (extrait)",Vanille (extrait)
"Vanille (gousse)",Vanille (gousse)
"Veau (blanquette)",/
"Veau (escalope)",/
"Veau (haché)",/
"Veau (paupiette)",/
"Veau (rôti)",/
"Veau (épaule)",/
"Vegan cheddar cheese",/
"Vergeoise blonde",/
"Vergeoise brune"
"Vermicelles arc-en-ciel",Vermicelles
"Vermicelles de riz",Vermicelles
"Vermicelles de soja",Vermicelles
"Vermicelles saveur chocolat",/
"Vermouth blanc",/
"Viande de porc à l'os",Viande de porc
"Viande des grisons",/
"Viande pour kebab",Viande pour kebab
"Viandox",Viandox
"Vin blanc",Vin blanc
"Vin blanc AOC Bordeaux",Vin blanc
"Vin rosé",Vin rosé
"Vin rouge",Vin rouge
"Vin rouge AOC Bordeaux",Vin rouge
"Vinaigre Melfor",Vinaigre balsamique
"Vinaigre balsamique",Vinaigre balsamique
"Vinaigre balsamique blanc",Vinaigre balsamique
"Vinaigre blanc",Vinaigre blanc (alimentaire)
"Vinaigre de Xérès",Vinaigre de Xérès
"Vinaigre de cidre",Vinaigre de cidre
"Vinaigre de framboise",/
"Vinaigre de riz",Vinaigre de riz
"Vinaigre de vin aux noix",Vinaigre de vin aux noix
"Vinaigre de vin blanc",Vinaigre de vin blanc
"Vinaigre de vin rouge",Vinaigre de vin rouge
"Vinaigrette balsamique",Vinaigre balsamique
"Vodka",Vodka
"Vol-au-vent",/
"Waffle fries (frozen)",/
"Waffles (frozen)",/
"Wasabi",/
"Whey chocolat",Proteine whey (chocolat)
"Whey vanille",Proteine whey (vanille)
"Whipped topping (frozen)",/
"Whisky",Whisky
"White chocolate chips",/
"White rice (short grain, cooked)",/
"Wide Egg Noodles",/
"Wild rice blend (frozen)",/
"Xylitol",/
"Yam",/
"Yaourt (aromatisé)",Yaourts
"Yaourt Grec",Yaourts
"Yaourt amande",Yaourts
"Yaourt brassé",Yaourts
"Yaourt de chèvre",Yaourts
"Yaourt en brique (aromatisé)",Yaourts
"Yaourt en brique (nature)",Yaourts
"Yaourt nature",Yaourts
"Yaourt végétal",Yaourts
"Yaourt végétal (coco)",Yaourts
"Yaourt à boire (aromatisé)",Yaourt à boire
"Yaourt à la vanille",Yaourts
"Yellow cake mix",/
"Yellow mustard",/
"Yellow rice",/
"Yeux en sucre",/
"Zaatar",/
"Échalote",Échalote
"Édulcorant",/
"Églefin",/
"Émincé végétal",/
"Épeautre",/
"Épices kefta ",/
"Épices mélange cajun",/
"Épices mélange espagnol",/
"Épices orientales",/
"Épices pour pain d'épices",/
"Épices pour paëlla ",/
"Épices pour tajine ",/
"Épices tandoori",/
"Épinard (frais)",Épinards
"Épinards (jeunes pousses)",Épinards
"Épinards (surgelés)",Épinards
"Épinards en branche (conserve)",Épinards
"Épinards à la crème",Épinards
"Œuf",Œufs
"Œuf bio",Œufs
"Œuf de caille",Œufs
"Œufs de poisson",/